company,date,sec_code,Revenue,PAT,EBITDA,EPS Basic,EPS Diluted,Operating Margin,Earnings,file_url
360 ONE WAM LTD,2023-07-20T16:54:00.863,542772,566.85,183.58,,5.15,5.05,,183.58,https://www.bseindia.com/stockinfo/AnnPdfOpen.aspx?Pname=40dac8fe-e537-4668-b81f-aab4f046fac9.pdf
ACC Ltd,2023-07-27T15:16:23.073,500410,,,,,,,,https://www.bseindia.com/stockinfo/AnnPdfOpen.aspx?Pname=987d0f75-db74-4bf9-8a41-9b69c548efc1.pdf
AU Small Finance Bank Ltd,2023-07-22T15:51:38.653,540611,277345.77,38689.63,,5.80,5.77,,38689.63,https://www.bseindia.com/stockinfo/AnnPdfOpen.aspx?Pname=3aa47b9c-295e-4a3e-a73e-561ce628f15c.pdf
Adani Energy Solutions Ltd,2023-07-31T16:09:36.58,539254,3622,182,1378,1.57,,,,https://www.bseindia.com/stockinfo/AnnPdfOpen.aspx?Pname=75b47718-5de8-419b-9305-46c2f4515214.pdf
Adani Green Energy Ltd,2023-07-31T14:11:42.03,541450,2404,323,1938,1.85,1.85,92.5,,https://www.bseindia.com/stockinfo/AnnPdfOpen.aspx?Pname=b923ad02-d236-430e-878a-5c5d6345a055.pdf
Aditya Birla Real Estate Ltd,2023-07-19T13:08:47.673,500040,1152.27,23.70,,2.14,2.14,9.37,,https://www.bseindia.com/stockinfo/AnnPdfOpen.aspx?Pname=41625f6d-6f43-4241-b31e-d86222750f84.pdf
Aditya Birla Sun Life AMC Ltd,2023-07-26T19:35:54.05,543374,311.16,184.57,,6.41,6.39,,184.57,https://www.bseindia.com/stockinfo/AnnPdfOpen.aspx?Pname=21c508e5-92c7-41b6-aaf4-3e35d767d753.pdf
Aegis Logistics Ltd,2023-07-26T15:48:41.17,500003,210053,13269,,3.30,3.30,,13269,https://www.bseindia.com/stockinfo/AnnPdfOpen.aspx?Pname=09af8b8c-b7e8-4bcf-9651-9e5c6b9c0134.pdf
Ajanta Pharma Ltd,2023-07-27T15:59:56.36,532331,1021.04,208.12,271,16.53,16.53,26,208.12,https://www.bseindia.com/stockinfo/AnnPdfOpen.aspx?Pname=c944b568-5374-42c4-a4ff-6fbea16322c6.pdf
Alivus Life Sciences Ltd,2023-07-21T12:55:15.4,543322,5784.50,1354.50,,11.05,11.05,,,https://www.bseindia.com/stockinfo/AnnPdfOpen.aspx?Pname=3fefd3e7-5eaa-4dcd-99c9-f5ab661eef6d.pdf
Alok Industries Ltd,2023-07-19T19:26:57.39,521070,1410.25,-226.14,,-0.46,-0.46,,,https://www.bseindia.com/stockinfo/AnnPdfOpen.aspx?Pname=709dd1d2-5c5f-4262-94a1-93805c1674ed.pdf
Amber Enterprises India Ltd,2023-07-25T16:38:02.537,540902,113278,4564.21,,13.55,13.55,,4564.21,https://www.bseindia.com/stockinfo/AnnPdfOpen.aspx?Pname=dc5e025d-f276-41dc-9ec2-b6369c2d7e77.pdf
Anand Rathi Wealth Ltd,2023-07-12T17:46:55.7,543415,17502.59,5323.28,,12.77,12.71,,5323.28,https://www.bseindia.com/stockinfo/AnnPdfOpen.aspx?Pname=3beb6e5d-6321-457f-aba9-0ce8034563a5.pdf
Angel One Ltd,2023-07-13T19:21:24.527,543235,8111,2208,,26.38,25.99,36.74,2208,https://www.bseindia.com/stockinfo/AnnPdfOpen.aspx?Pname=f89c02f2-60c5-45a6-88b2-318b420e53f5.pdf
Apar Industries Ltd,2023-07-28T12:45:43.303,532259,3773.01,197.43,369,51.59,51.59,,,https://www.bseindia.com/stockinfo/AnnPdfOpen.aspx?Pname=18aa5c0d-fc05-4625-8c9e-54f2fed91a1c.pdf
Asahi India Glass Ltd,2023-07-31T15:23:27.77,515030,108862,10279,,4.27,4.27,,10279,https://www.bseindia.com/stockinfo/AnnPdfOpen.aspx?Pname=816ea95b-841a-4178-aab3-10d0f2c873ed.pdf
Ashok Leyland Ltd,2023-07-21T11:05:11.52,500477,9691.32,584.49,,1.85,1.65,9.02,,https://www.bseindia.com/stockinfo/AnnPdfOpen.aspx?Pname=61af71b7-8dec-4511-86c7-401d9fac1423.pdf
Asian Paints Ltd,2023-07-25T13:27:12.11,500820,9182.31,1574.84,2121.3,16.17,16.17,23.2,1574.84,https://www.bseindia.com/stockinfo/AnnPdfOpen.aspx?Pname=2cbe49dc-5456-4b0a-9b34-5471f98081b0.pdf
Atul Ltd,2023-07-21T13:29:15.363,500027,1182.02,102.05,,35.02,35.02,,102.05,https://www.bseindia.com/stockinfo/AnnPdfOpen.aspx?Pname=9a1d7f02-cb79-4144-89f4-01b8a187bf69.pdf
Authum Investment & Infrastructure Ltd,2023-07-26T14:58:50.273,539177,,,,,,,,https://www.bseindia.com/stockinfo/AnnPdfOpen.aspx?Pname=218b3a22-34a2-4522-bc21-14a0b95ed9ed.pdf
Avenue Supermarts Ltd,2023-07-15T15:10:12.13,540376,11865.44,658.71,,10.14,10.12,,658.71,https://www.bseindia.com/stockinfo/AnnPdfOpen.aspx?Pname=73528eef-6595-459e-b99e-ac964f942c45.pdf
AXIS Bank Ltd,2023-07-26T16:06:48.207,532215,31894.20,6091.35,,19.79,19.70,,6091.35,https://www.bseindia.com/stockinfo/AnnPdfOpen.aspx?Pname=ea3af94f-5ade-44a0-82cd-85e937521d00.pdf
BASF India Ltd,2023-07-24T13:59:37.997,500042,33746.5,1126.8,,26.0,26.0,,,https://www.bseindia.com/stockinfo/AnnPdfOpen.aspx?Pname=14a53d43-53ed-484d-bc81-b1924c224bdd.pdf
Bajaj Auto Ltd,2023-07-25T13:28:50.41,532977,10310,1665,1954,58.9,58.9,19.0,,https://www.bseindia.com/stockinfo/AnnPdfOpen.aspx?Pname=0be1f729-f3fd-4bd5-8af3-a5b0d4731356.pdf
Bajaj Finance Ltd,2023-07-26T14:31:44.617,500034,12497.81,3436.89,,56.83,56.60,,3436.89,https://www.bseindia.com/stockinfo/AnnPdfOpen.aspx?Pname=9f04d98f-d7f7-448b-9f91-fe57f3008c08.pdf
Bajaj Finserv Ltd,2023-07-27T11:51:29.367,532978,23279.98,3709.42,,12.2,12.1,,1942.63,https://www.bseindia.com/stockinfo/AnnPdfOpen.aspx?Pname=ebfa0e98-1a5f-4cee-b1ec-6bdc9a494e02.pdf
Bajaj Holdings & Investment Ltd,2023-07-27T16:12:59.987,500490,104.07,1415.74,,127.2,127.2,,1415.74,https://www.bseindia.com/stockinfo/AnnPdfOpen.aspx?Pname=b59ba3b6-38f6-40c0-a248-180ef6089647.pdf
Bandhan Bank Ltd,2023-07-14T15:36:06.2,541153,490802.91,72105.36,,4.48,4.48,,72105.36,https://www.bseindia.com/stockinfo/AnnPdfOpen.aspx?Pname=de2c4fde-367b-4d08-a98c-2ea9ed16a484.pdf
Bank of India,2023-07-28T16:08:36.987,532149,1592604,156155,,3.81,3.81,23.37,156155,https://www.bseindia.com/stockinfo/AnnPdfOpen.aspx?Pname=d4cbeb29-0878-4685-86c9-a5249b3fa272.pdf
Bank of Maharashtra,2023-07-19T12:47:40.42,532525,,,,,,,,https://www.bseindia.com/stockinfo/AnnPdfOpen.aspx?Pname=ce4c200e-f857-4262-92c2-9c0cb2c8afa8.pdf
Bharat Electronics Ltd,2023-07-27T18:26:23.747,500049,353294,53860,,0.74,0.74,,53860,https://www.bseindia.com/stockinfo/AnnPdfOpen.aspx?Pname=196f33ff-6906-4870-90be-e96d7565772b.pdf
Bharat Petroleum Corporation Ltd,2023-07-26T14:38:17.653,500547,128263.56,10644.30,,49.99,49.99,10.74,10644.30,https://www.bseindia.com/stockinfo/AnnPdfOpen.aspx?Pname=7528a037-eb22-4531-8fc3-9e0e43095cb7.pdf
Birlasoft Ltd,2023-07-27T13:13:47.95,532400,12627.71,1375.41,,4.97,4.92,,1375.41,https://www.bseindia.com/stockinfo/AnnPdfOpen.aspx?Pname=404e84fb-b647-4ae3-9e6e-4779b526b084.pdf
Blue Dart Express Ltd,2023-07-27T15:25:33.893,526612,123755,5974,,25.18,25.18,,5974,https://www.bseindia.com/stockinfo/AnnPdfOpen.aspx?Pname=a1922da1-ef70-4407-8e98-054346200d6b.pdf
Bosch Ltd,2023-07-31T19:51:51.5,500530,41584,4090,,138.79,138.79,,4090,https://www.bseindia.com/stockinfo/AnnPdfOpen.aspx?Pname=eb77dda8-c447-425e-827a-36de493123ca.pdf
CCL Products (India) Ltd,2023-07-14T18:56:11.143,519600,65493.44,6071.14,,4.56,4.56,,,https://www.bseindia.com/stockinfo/AnnPdfOpen.aspx?Pname=b12b007c-ad3c-48e6-b03d-00c0ac058c82.pdf
CG Power and Industrial Solutions Ltd,2023-07-27T12:51:50.597,500093,1874.00,203.84,,1.33,1.33,,203.84,https://www.bseindia.com/stockinfo/AnnPdfOpen.aspx?Pname=5857df72-e92f-47f7-812b-eac2cbd4bc50.pdf
CRISIL Ltd,2023-07-18T22:39:43.633,500092,771.02,150.58,,20.60,20.59,,150.58,https://www.bseindia.com/stockinfo/AnnPdfOpen.aspx?Pname=b5055d6e-c50e-4a72-a62f-a6e40b064acb.pdf
Can Fin Homes Ltd,2023-07-19T19:22:22.563,511196,82409.10,18345.49,,13.78,13.78,,18345.49,https://www.bseindia.com/stockinfo/AnnPdfOpen.aspx?Pname=ba4f9ffe-ebfc-4206-aee1-743a8ed48389.pdf
Canara Bank,2023-07-24T13:18:33.04,532483,,,,,,,,https://www.bseindia.com/stockinfo/AnnPdfOpen.aspx?Pname=c588a0d9-4f02-42d3-be07-a687d076f247.pdf
Castrol India Ltd,2023-07-31T14:21:43.163,500870,1333.76,225.27,,2.28,2.28,,,https://www.bseindia.com/stockinfo/AnnPdfOpen.aspx?Pname=7c66fc8c-98a3-48c6-a358-a9e0ca8d327d.pdf
Ceat Ltd,2023-07-25T18:01:03.26,500878,293517,14401,,35.75,35.75,13.11,14401,https://www.bseindia.com/stockinfo/AnnPdfOpen.aspx?Pname=365fda0c-0211-4356-9569-d1b46dc37efd.pdf
Central Bank of India,2023-07-17T13:00:39.047,532885,821802,49498,,0.57,0.57,22.56,49498,https://www.bseindia.com/stockinfo/AnnPdfOpen.aspx?Pname=17945265-a92f-4775-83bf-cb66c3cc882e.pdf
Chalet Hotels Ltd,2023-07-28T16:58:26.6,542399,3146,887,1136,4.32,4.32,36.1,,https://www.bseindia.com/stockinfo/AnnPdfOpen.aspx?Pname=def8adf7-8e24-43e4-bd54-242a1ee1c157.pdf
Chennai Petroleum Corporation Ltd,2023-07-24T19:38:54.81,500110,17985.67,556.50,,37.37,37.37,5.44,556.50,https://www.bseindia.com/stockinfo/AnnPdfOpen.aspx?Pname=016fc885-2254-48b9-8091-cff5af024df0.pdf
Cipla Ltd,2023-07-26T15:16:16.453,500087,6465.18,998.07,,34.72,34.69,,998.07,https://www.bseindia.com/stockinfo/AnnPdfOpen.aspx?Pname=cfc5c91c-ef9e-4080-927e-7aafb5671506.pdf
Coforge Ltd,2023-07-20T15:30:28.553,532541,22210,1757,3151,27.06,26.54,,,https://www.bseindia.com/stockinfo/AnnPdfOpen.aspx?Pname=1f82bc8c-ed33-4d50-a215-ea337719f715.pdf
Colgate Palmolive (India) Ltd,2023-07-26T18:49:16.277,500830,131473,27368,,10.06,10.06,,,https://www.bseindia.com/stockinfo/AnnPdfOpen.aspx?Pname=36a079b9-629e-411f-a054-f1c0e838fc12.pdf
Coromandel International Ltd,2023-07-27T13:56:32.393,506395,5693,,,16.80,16.78,17.29,,https://www.bseindia.com/stockinfo/AnnPdfOpen.aspx?Pname=c67bbaa5-c94c-4493-bb9b-d358dda0dadd.pdf
Craftsman Automation Ltd,2023-07-24T14:41:21.27,543276,104134,8084,16155,36.11,36.11,,,https://www.bseindia.com/stockinfo/AnnPdfOpen.aspx?Pname=01348bf5-45dd-45c7-9189-d3e6cab374f4.pdf
CreditAccess Grameen Ltd,2023-07-21T17:50:37.287,541770,1170.72,348.46,,21.93,21.80,,348.46,https://www.bseindia.com/stockinfo/AnnPdfOpen.aspx?Pname=1d66c308-9651-475f-9380-d4ab312f9d56.pdf
Cyient Ltd,2023-07-25T16:29:04.577,532175,16865,1691,,15.35,15.20,,,https://www.bseindia.com/stockinfo/AnnPdfOpen.aspx?Pname=63ed11b4-10e5-45b2-a1dc-0742d6a471d7.pdf
DCM Shriram Ltd,2023-07-24T18:13:53.03,523367,,,,,,,,https://www.bseindia.com/stockinfo/AnnPdfOpen.aspx?Pname=482315bc-925e-40b4-b799-dd31cf981d3b.pdf
DLF Ltd,2023-07-21T16:21:46.267,532868,1423.23,526.11,,2.13,2.13,,526.11,https://www.bseindia.com/stockinfo/AnnPdfOpen.aspx?Pname=d0e1e1fe-11fd-4b02-b89b-02ff63894bcd.pdf
Dalmia Bharat Ltd,2023-07-20T19:03:26.723,542216,3624,144,,6.93,6.93,,144,https://www.bseindia.com/stockinfo/AnnPdfOpen.aspx?Pname=5a0ac621-0c91-4681-8492-7d5b450b9b8c.pdf
Deepak Fertilisers & Petrochemicals Corporation Ltd,2023-07-26T14:46:29.977,500645,231301,,,8.72,8.72,,11362,https://www.bseindia.com/stockinfo/AnnPdfOpen.aspx?Pname=def4fbec-3ac0-451a-977b-a478456eae52.pdf
Dixon Technologies (India) Ltd,2023-07-25T16:15:05.283,540699,327150,6719,13472,11.28,11.26,4.0,,https://www.bseindia.com/stockinfo/AnnPdfOpen.aspx?Pname=c2e3d97f-f2d3-4464-9c8a-9a16b74ec739.pdf
Dr. Lal PathLabs Ltd,2023-07-27T14:28:21.46,539524,5410,836,,9.95,9.93,,836,https://www.bseindia.com/stockinfo/AnnPdfOpen.aspx?Pname=11323c0f-b0fd-4ba2-847e-f07cf93f37d2.pdf
Dr Reddys Laboratories Ltd,2023-07-26T16:02:34.35,500124,67384,14025,21372,84.40,84.22,,14025,https://www.bseindia.com/stockinfo/AnnPdfOpen.aspx?Pname=8c79ebc5-b321-4e60-a753-2ee6e42eb1ec.pdf
Elecon Engineering Company Ltd,2023-07-11T11:48:36.107,505700,41434,7296,9600,6.50,6.50,23,7296,https://www.bseindia.com/stockinfo/AnnPdfOpen.aspx?Pname=e1d14c3d-bdcf-459d-8d07-ed39f5e4c2a3.pdf
Exide Industries Ltd,2023-07-28T13:33:50.187,500086,4073,242,432,2.85,2.85,10.6,,https://www.bseindia.com/stockinfo/AnnPdfOpen.aspx?Pname=63950a18-b725-43c4-aae4-3b111db7e1e5.pdf
Federal Bank Ltd,2023-07-13T13:03:06.613,500469,,,,,,,,https://www.bseindia.com/stockinfo/AnnPdfOpen.aspx?Pname=4b8c2cf2-e90c-4e59-9c11-74ab4264154c.pdf
Five-Star Business Finance Ltd,2023-07-29T12:42:14.99,543663,48357.19,18370.88,,6.30,6.24,,18370.88,https://www.bseindia.com/stockinfo/AnnPdfOpen.aspx?Pname=50387f5e-de32-478a-940a-7a04ef22308e.pdf
Gail (India) Ltd,2023-07-31T14:51:03.133,532155,32848.78,1792.99,,2.73,2.73,5.99,1792.99,https://www.bseindia.com/stockinfo/AnnPdfOpen.aspx?Pname=0cfc7772-6279-4de6-9808-95c8a76f69f1.pdf
GlaxoSmithKline Pharmaceuticals Ltd,2023-07-26T13:45:52.657,500660,76166,13225,,7.81,7.81,,13225,https://www.bseindia.com/stockinfo/AnnPdfOpen.aspx?Pname=eaa49b3b-043d-4c26-8691-1b40b06210e3.pdf
Godawari Power and Ispat Ltd,2023-07-27T14:44:11.17,532734,1325.58,230.88,,18.51,18.51,,230.88,https://www.bseindia.com/stockinfo/AnnPdfOpen.aspx?Pname=92eb0465-8ea5-4216-a1da-930878837bf8.pdf
Godfrey Phillips India Ltd,2023-07-26T17:27:30.37,500163,124539,25444,,48.94,48.94,,25444,https://www.bseindia.com/stockinfo/AnnPdfOpen.aspx?Pname=ff930d8b-5bf1-4123-89ab-545f348d879e.pdf
Gravita India Ltd,2023-07-24T15:30:06.34,533282,703.39,52.55,,7.70,7.70,,52.55,https://www.bseindia.com/stockinfo/AnnPdfOpen.aspx?Pname=b68e6493-7aef-4a63-b1cd-7b59a62488d9.pdf
HCL Technologies Ltd,2023-07-12T18:08:17.953,532281,26296,3531,,13.05,13.03,,3531,https://www.bseindia.com/stockinfo/AnnPdfOpen.aspx?Pname=ccc64cec-6c48-4114-be4c-57f8e61ae9cf.pdf
HDFC Asset Management Company Ltd,2023-07-24T14:22:23.893,541729,,,,,,,,https://www.bseindia.com/stockinfo/AnnPdfOpen.aspx?Pname=6e865d00-fd3f-419f-8acc-4de216bf715c.pdf
HDFC Bank Ltd,2023-07-17T12:45:52.69,500180,,,,,,,,https://www.bseindia.com/stockinfo/AnnPdfOpen.aspx?Pname=26f5a2f0-e828-4b44-8a8c-7366c0e45b6a.pdf
HDFC Life Insurance Company Ltd,2023-07-21T14:06:44.45,540777,2348719,41534,,1.93,1.93,,41534,https://www.bseindia.com/stockinfo/AnnPdfOpen.aspx?Pname=967c3adf-a8dd-4525-97fc-2e99007b09ab.pdf
HFCL Ltd,2023-07-26T19:27:32.207,500183,995.19,75.56,,0.49,0.49,,75.56,https://www.bseindia.com/stockinfo/AnnPdfOpen.aspx?Pname=aaf82629-43a1-467c-a886-f3fe084a8b3a.pdf
Havells India Ltd,2023-07-20T13:25:56.637,517354,4833.80,287.07,,4.58,4.58,,,https://www.bseindia.com/stockinfo/AnnPdfOpen.aspx?Pname=293f7da2-7faa-4d4e-9f8d-d2562bdf9894.pdf
Himadri Speciality Chemical Ltd,2023-07-18T19:31:37.16,500184,,,,,,,,https://www.bseindia.com/stockinfo/AnnPdfOpen.aspx?Pname=c2708d75-5b2c-4a7a-a44e-9a3200774b04.pdf
Hindustan Unilever Ltd,2023-07-20T16:12:19.587,500696,15240,2556,3665,10.87,10.87,24.0,2556,https://www.bseindia.com/stockinfo/AnnPdfOpen.aspx?Pname=67950d4c-d8ee-4fff-a72a-6e2ce035c919.pdf
Hindustan Zinc Ltd,2023-07-21T13:44:11.7,500188,7111,1964,,4.65,4.65,35,,https://www.bseindia.com/stockinfo/AnnPdfOpen.aspx?Pname=f3452de7-8355-4d38-b258-34a92b9d611a.pdf
Hitachi Energy India Ltd,2023-07-25T15:28:18.22,543187,1043.0,2.4,31.5,0.57,0.57,3.0,2.41,https://www.bseindia.com/stockinfo/AnnPdfOpen.aspx?Pname=863b755e-b5d1-440f-830e-ad7be30cea9f.pdf
Home First Finance Company India Ltd,2023-07-27T16:25:15.2,543259,2598.07,691.22,,7.85,7.61,,691.22,https://www.bseindia.com/stockinfo/AnnPdfOpen.aspx?Pname=ee6310a3-0ce9-49ab-9c79-df2239fabe7f.pdf
ICICI Bank Ltd,2023-07-22T15:25:58.803,532174,52084.00,10636.12,,15.22,14.91,,10636.12,https://www.bseindia.com/stockinfo/AnnPdfOpen.aspx?Pname=2ae82461-258f-49ef-8543-83e986ef8934.pdf
ICICI Lombard General Insurance Company Ltd,2023-07-18T17:49:44.983,540716,453803,39036,,7.95,7.94,,39036,https://www.bseindia.com/stockinfo/AnnPdfOpen.aspx?Pname=99398762-5bf0-49e6-b902-a3dd6b9fd3a3.pdf
ICICI Prudential Life Insurance Company Ltd,2023-07-18T13:31:09.173,540133,233930000000,2070000000,,1.44,1.44,,2070000000,https://www.bseindia.com/stockinfo/AnnPdfOpen.aspx?Pname=acef36fd-612d-45a2-80af-6a828a67cfdb.pdf
IDBI Bank Ltd,2023-07-24T14:16:40.637,500116,7770.91,1229.26,,1.14,1.14,,1229.26,https://www.bseindia.com/stockinfo/AnnPdfOpen.aspx?Pname=f3ae167c-3d4e-4eb3-ba4d-b1124abdff81.pdf
IDFC First Bank Ltd,2023-07-29T16:12:36.107,539437,823247,73151,,1.10,1.09,,73151,https://www.bseindia.com/stockinfo/AnnPdfOpen.aspx?Pname=77e3edab-0938-45d2-be4b-97ee87843408.pdf
IIFL Finance Ltd,2023-07-27T14:16:05.323,532636,2370.70,472.86,,11.18,11.11,,472.86,https://www.bseindia.com/stockinfo/AnnPdfOpen.aspx?Pname=abfb6a66-be82-4fcd-9d67-e02a8d668a9d.pdf
IRB Infrastructure Developers Ltd,2023-07-31T17:07:03.79,532947,1745,134,889,,,,,https://www.bseindia.com/stockinfo/AnnPdfOpen.aspx?Pname=ca882c3b-d3ed-42f9-9094-5fec32b2e229.pdf
IndiaMART InterMESH Ltd,2023-07-20T17:12:24.43,542726,2821,831,,13.60,13.57,,831,https://www.bseindia.com/stockinfo/AnnPdfOpen.aspx?Pname=023ec2ca-1548-4472-8dfe-2e5d1fd6650f.pdf
Indian Bank,2023-07-27T14:08:51.677,532814,14921.43,1849.68,,14.85,14.85,,1849.68,https://www.bseindia.com/stockinfo/AnnPdfOpen.aspx?Pname=e9a1e6b5-3365-4612-af6f-83165db12bc8.pdf
Indian Energy Exchange Ltd,2023-07-27T14:30:41.3,540750,10403.66,7582.98,,0.85,0.85,,7582.98,https://www.bseindia.com/stockinfo/AnnPdfOpen.aspx?Pname=82d38aeb-1ae5-4af8-a495-b84faafc87d2.pdf
Indian Hotels Company Ltd,2023-07-27T16:45:50.52,500850,151570,23601,,1.57,1.57,,23601,https://www.bseindia.com/stockinfo/AnnPdfOpen.aspx?Pname=bac95d36-c862-4fc7-a0f9-4e7f88747a74.pdf
Indian Oil Corporation Ltd,2023-07-28T14:22:06.493,530965,225410.49,14735.30,,10.48,10.48,8.98,14735.30,https://www.bseindia.com/stockinfo/AnnPdfOpen.aspx?Pname=c13d144b-8674-4dfc-94e5-bec6ab2ec54c.pdf
Indraprastha Gas Ltd,2023-07-23T15:18:51.087,532514,3761.85,438.40,642.38,6.26,6.26,19,438.40,https://www.bseindia.com/stockinfo/AnnPdfOpen.aspx?Pname=91522f93-b7de-4469-8352-fecb3ce8535f.pdf
Indus Towers Ltd,2023-07-27T16:59:28.283,534816,,,,,,,,https://www.bseindia.com/stockinfo/AnnPdfOpen.aspx?Pname=3c372ea4-3db0-4867-b472-4e35c9a04adf.pdf
Indusind Bank Ltd,2023-07-18T15:43:00.487,532187,1293942,212450,,26.34,26.31,,,https://www.bseindia.com/stockinfo/AnnPdfOpen.aspx?Pname=4d9b0dfa-f123-42ab-8800-d64c1809607f.pdf
Infosys Ltd,2023-07-20T15:51:00.263,500209,37933,5945,,14.37,14.35,20.8,5945,https://www.bseindia.com/stockinfo/AnnPdfOpen.aspx?Pname=676630e9-e665-4f46-af13-ec026d07f4db.pdf
Inox Wind Ltd,2023-07-29T20:29:09.77,539083,34873,-6392,3488,-1.99,-1.99,,-6392,https://www.bseindia.com/stockinfo/AnnPdfOpen.aspx?Pname=0ad43d9b-879a-4c7e-9923-55723a6129b1.pdf
Intellect Design Arena Ltd,2023-07-27T16:14:26.593,538835,6393.82,936.34,,6.93,6.70,,,https://www.bseindia.com/stockinfo/AnnPdfOpen.aspx?Pname=9eec06cd-448c-4c8e-97b8-9205f06db0af.pdf
JBM Auto Ltd,2023-07-31T19:13:05.537,532605,946.22,30.28,,2.56,2.56,,30.28,https://www.bseindia.com/stockinfo/AnnPdfOpen.aspx?Pname=dc272a11-e9f4-4025-8c83-e9d550d26288.pdf
JSW Energy Ltd,2023-07-14T18:13:09.74,533148,3013.22,290.35,1307,1.77,1.76,23.47,,https://www.bseindia.com/stockinfo/AnnPdfOpen.aspx?Pname=1d9f1747-2029-4b76-a0e2-bd3e7285b775.pdf
JSW Steel Ltd,2023-07-21T11:39:29.86,500228,42213,2428,7046,9.72,9.67,16.69,,https://www.bseindia.com/stockinfo/AnnPdfOpen.aspx?Pname=0b8bcdb1-07c7-4a19-ab7d-468e04e65885.pdf
Jaiprakash Power Ventures Ltd,2023-07-28T17:54:40.86,532627,170782,19165,52825,0.18,0.18,,19165,https://www.bseindia.com/stockinfo/AnnPdfOpen.aspx?Pname=d008ba44-68e3-4b3a-96a1-784e7bc3bf10.pdf
Jammu & Kashmir Bank Ltd,2023-07-24T13:37:11.59,532209,2887.52,331.24,,3.21,3.21,18.30,331.24,https://www.bseindia.com/stockinfo/AnnPdfOpen.aspx?Pname=190fc4aa-878f-4141-b537-499fc81a94f2.pdf
Jindal Stainless Ltd,2023-07-26T16:28:52.853,532508,10183.96,737.58,,9.06,9.06,11.71,737.58,https://www.bseindia.com/stockinfo/AnnPdfOpen.aspx?Pname=e516629b-142b-4301-bdb2-62f0cd3fbfd6.pdf
Jubilant FoodWorks Ltd,2023-07-25T14:23:27.18,533155,13345.42,289.17,,0.44,0.44,,289.17,https://www.bseindia.com/stockinfo/AnnPdfOpen.aspx?Pname=16411e0c-2e00-4ac9-9b21-0526674f70a5.pdf
Jubilant Ingrevia Ltd,2023-07-26T14:52:19.55,543271,107502,5759,,3.63,3.63,7.85,,https://www.bseindia.com/stockinfo/AnnPdfOpen.aspx?Pname=d8145d7f-b191-43f2-92e6-8df76b7ae88d.pdf
Jubilant Pharmova Ltd,2023-07-19T14:03:33.05,530019,15869,60,,0.40,0.40,,60,https://www.bseindia.com/stockinfo/AnnPdfOpen.aspx?Pname=06ffcf78-8cd7-4eaa-ac72-4aba85b670df.pdf
Just Dial Ltd,2023-07-14T20:03:19.643,535648,2914.8,834.0,,9.84,9.80,,834.0,https://www.bseindia.com/stockinfo/AnnPdfOpen.aspx?Pname=b5f72403-5bb4-4b1b-9217-0c9831258773.pdf
Jyothy Labs Ltd,2023-07-25T11:10:18.437,532926,68710,5625,,1.53,1.53,,5625,https://www.bseindia.com/stockinfo/AnnPdfOpen.aspx?Pname=31b3ce84-c219-4a11-9be8-79d82061b08e.pdf
KEI Industries Ltd,2023-07-31T17:59:23.493,517569,17825.74,1213.79,,13.46,13.43,,1213.79,https://www.bseindia.com/stockinfo/AnnPdfOpen.aspx?Pname=09955d2d-2fbf-4bb3-9208-b2de245f443e.pdf
KPIT Technologies Ltd,2023-07-25T11:45:55.37,542651,10976.22,1344.39,,4.95,4.91,,1344.39,https://www.bseindia.com/stockinfo/AnnPdfOpen.aspx?Pname=c7725ddf-15a9-4207-820b-069754cb97fc.pdf
Kajaria Ceramics Ltd,2023-07-26T14:14:06.437,500233,1064.23,109.11,,6.75,6.75,,109.11,https://www.bseindia.com/stockinfo/AnnPdfOpen.aspx?Pname=0ae9ec03-bf18-432f-a5b0-7a64235238f6.pdf
Karur Vysya Bank Ltd,2023-07-20T08:32:11.14,590003,,,,,,,,https://www.bseindia.com/stockinfo/AnnPdfOpen.aspx?Pname=8BF825B4-D038-4065-A79D-3926DEF70165-083149.pdf
Kaynes Technology India Ltd,2023-07-31T17:10:13.953,543664,,,,,,,,https://www.bseindia.com/stockinfo/AnnPdfOpen.aspx?Pname=a94df318-36ac-451c-b2ab-b1c44d8fc39e.pdf
KFin Technologies Ltd,2023-07-28T17:33:53.963,543720,1815.03,433.75,873.65,2.56,2.51,,433.75,https://www.bseindia.com/stockinfo/AnnPdfOpen.aspx?Pname=6a9a9e3c-6cf2-422a-9d83-f4ad71d41579.pdf
Kotak Mahindra Bank Ltd,2023-07-22T12:40:31.46,500247,20723.91,4150.19,,20.89,20.89,,4150.19,https://www.bseindia.com/stockinfo/AnnPdfOpen.aspx?Pname=c31733f3-8030-4c21-9ffc-8ffd8baf5c17.pdf
L&T Finance Ltd,2023-07-19T17:54:26.733,533519,3223.32,530.52,,2.14,2.13,,530.52,https://www.bseindia.com/stockinfo/AnnPdfOpen.aspx?Pname=f563ed08-1fe7-4adc-9514-a3c6436196a1.pdf
L&T Technology Services Ltd,2023-07-18T15:43:33.307,540115,23014,3121,,29.45,29.38,,3121,https://www.bseindia.com/stockinfo/AnnPdfOpen.aspx?Pname=36f3751f-2b45-4076-82d5-390d825fb2e3.pdf
LT Foods Ltd,2023-07-28T11:59:48.023,532783,44647.07,542.78,,,,,,https://www.bseindia.com/stockinfo/AnnPdfOpen.aspx?Pname=9913ba8f-71c3-48ef-8386-1ea19ca1c5e8.pdf
LTIMindtree Ltd,2023-07-17T15:43:04.71,540005,87021,11523,16355,38.9,38.9,16.7,,https://www.bseindia.com/stockinfo/AnnPdfOpen.aspx?Pname=2296dd87-8345-4581-b4d6-313fd09d7bce.pdf
Larsen & Toubro Ltd,2023-07-25T16:44:18.253,500510,47882,2493,4869,,,,,https://www.bseindia.com/stockinfo/AnnPdfOpen.aspx?Pname=4af11d00-1809-4dc9-8630-830d7a808116.pdf
Latent View Analytics Ltd,2023-07-28T17:26:25.363,543398,1476.76,328.59,,1.60,1.59,,328.59,https://www.bseindia.com/stockinfo/AnnPdfOpen.aspx?Pname=6febb148-39da-4d7a-9648-d581b7debf56.pdf
Laurus Labs Ltd,2023-07-27T14:54:34.093,540222,1181.79,26.79,,0.46,0.46,,26.79,https://www.bseindia.com/stockinfo/AnnPdfOpen.aspx?Pname=ab308b18-c6fe-4c29-8fb4-bd555199695c.pdf
Lodha Developers Ltd,2023-07-27T21:06:36.997,543287,16174,1792,,1.85,1.85,28.09,,https://www.bseindia.com/stockinfo/AnnPdfOpen.aspx?Pname=caee98f6-9404-457a-9f77-02f1820d669b.pdf
Mahindra & Mahindra Financial Services Ltd,2023-07-28T14:14:04.52,532720,3583.20,362.22,,2.91,2.90,,362.22,https://www.bseindia.com/stockinfo/AnnPdfOpen.aspx?Pname=3cb6f83d-71af-45e4-9ee3-0f533b868758.pdf
Mangalore Refinery and Petrochemicals Ltd,2023-07-28T22:04:54.19,500109,24832.53,1014.79,,5.79,5.79,8.39,,https://www.bseindia.com/stockinfo/AnnPdfOpen.aspx?Pname=94112117-2b6a-459c-9bab-1af15301ea4c.pdf
Marico Ltd,2023-07-28T15:52:35.613,531642,2477,436,,3.30,3.30,,436,https://www.bseindia.com/stockinfo/AnnPdfOpen.aspx?Pname=78d49148-caef-486b-b1fb-049d0bc25120.pdf
Maruti Suzuki India Ltd,2023-07-31T15:51:57.557,532500,323385,25252,,83.59,83.59,,,https://www.bseindia.com/stockinfo/AnnPdfOpen.aspx?Pname=02e12443-5b47-4984-9a8b-1d2c082539e5.pdf
Mastek Ltd,2023-07-19T14:26:10.63,523704,72525,7353,,22.95,22.67,,7353,https://www.bseindia.com/stockinfo/AnnPdfOpen.aspx?Pname=e8f4af5b-6916-493e-8886-cac3b8da206f.pdf
Motherson Sumi Wiring India Ltd,2023-07-28T13:48:50.727,543498,1858.79,123.13,,0.28,0.28,,123.13,https://www.bseindia.com/stockinfo/AnnPdfOpen.aspx?Pname=7a5e4f0e-4a89-435d-81b1-475ee65797d3.pdf
Motilal Oswal Financial Services Ltd,2023-07-27T17:32:03.333,532892,149975,52613,,35.62,35.55,38.96,,https://www.bseindia.com/stockinfo/AnnPdfOpen.aspx?Pname=cff40630-e8d6-411d-baa9-d855cd776a49.pdf
Mphasis Ltd,2023-07-20T22:29:22.62,526299,32520.11,3960.52,,21.01,20.93,,3960.52,https://www.bseindia.com/stockinfo/AnnPdfOpen.aspx?Pname=3e8e1829-227b-453b-81bb-6492f2779189.pdf
Multi Commodity Exchange of India Ltd,2023-07-29T19:00:28.47,534091,14577,1966,,3.86,3.86,,1966,https://www.bseindia.com/stockinfo/AnnPdfOpen.aspx?Pname=94c8fbe5-7b93-4f6d-b3bd-2534cbf412e9.pdf
NLC India Ltd,2023-07-28T18:59:58.12,513683,3316.49,413.57,,2.94,2.94,22.09,413.57,https://www.bseindia.com/stockinfo/AnnPdfOpen.aspx?Pname=dbbd6162-70b2-4626-97e3-4a58b9e4e65f.pdf
NTPC Ltd,2023-07-29T17:00:57.847,532555,43075.09,4907.13,,5.03,5.03,20.74,4907.13,https://www.bseindia.com/stockinfo/AnnPdfOpen.aspx?Pname=4269a52d-b39a-4f1d-aa30-a6dad82c4309.pdf
Navin Fluorine International Ltd-$,2023-07-31T14:25:27.05,532504,499.45,61.53,,12.41,12.37,,61.53,https://www.bseindia.com/stockinfo/AnnPdfOpen.aspx?Pname=495b1f51-6bf8-4e44-b8f9-d93910fe1a31.pdf
Nestle India Ltd,2023-07-27T10:47:27.7,500790,46585.3,6983.4,,72.43,72.43,20.7,6983.4,https://www.bseindia.com/stockinfo/AnnPdfOpen.aspx?Pname=d9270abc-f3ff-4b1b-9227-eb4f4990556b.pdf
Network 18 Media & Investments Ltd,2023-07-18T19:06:05.543,532798,323894,2917,,0.37,0.37,1.74,,https://www.bseindia.com/stockinfo/AnnPdfOpen.aspx?Pname=c101e20a-317b-4aeb-bbad-80666bc85b0a.pdf
Newgen Software Technologies Ltd,2023-07-19T13:07:35.08,540900,25167.09,3015.05,,4.33,4.24,,3015.05,https://www.bseindia.com/stockinfo/AnnPdfOpen.aspx?Pname=2b1db907-0fb7-46a6-8b27-f620bbef5994.pdf
Nippon Life India Asset Management Ltd,2023-07-27T15:32:05.677,540767,4.71,2.36,,,,,,https://www.bseindia.com/stockinfo/AnnPdfOpen.aspx?Pname=cdfb5056-005b-4654-be11-516c28a8aaee.pdf
One 97 Communications Ltd,2023-07-21T22:12:25.65,543396,23416,-3584,,-6,-6,,-3584,https://www.bseindia.com/stockinfo/AnnPdfOpen.aspx?Pname=17e0162a-a9fc-4193-9820-8d749c337e2f.pdf
Oracle Financial Services Software Ltd,2023-07-26T19:42:07.363,532466,14624.19,5009.82,,57.94,57.67,,5009.82,https://www.bseindia.com/stockinfo/AnnPdfOpen.aspx?Pname=38a8dd40-c750-46f1-aece-78f4baeb180f.pdf
PCBL Chemical Ltd,2023-07-11T14:48:42.303,506590,,,,,,,,https://www.bseindia.com/stockinfo/AnnPdfOpen.aspx?Pname=1e21057c-44d2-44aa-b4e1-78e0a593f32f.pdf
PNB Housing Finance Ltd,2023-07-24T14:12:11.423,540173,1698.83,352.68,,13.85,13.84,,,https://www.bseindia.com/stockinfo/AnnPdfOpen.aspx?Pname=b84e2507-bb23-44c2-9581-21476dd3cb29.pdf
Persistent Systems Ltd,2023-07-20T19:15:01.813,533179,23211.75,2287.68,,30.50,29.75,,2287.68,https://www.bseindia.com/stockinfo/AnnPdfOpen.aspx?Pname=2a09e168-2279-47a8-ad2d-3944859c3c3b.pdf
Petronet LNG Ltd,2023-07-31T16:31:00.447,532522,11801.04,819.28,,5.46,5.46,,819.28,https://www.bseindia.com/stockinfo/AnnPdfOpen.aspx?Pname=e26dd4bd-4595-427b-bc05-5a5ada510cde.pdf
Piramal Enterprises Ltd,2023-07-28T15:41:53.137,500302,2919.79,508.78,,21.32,21.25,,508.78,https://www.bseindia.com/stockinfo/AnnPdfOpen.aspx?Pname=d6e78ac7-bc2d-40f2-9c7b-54de82c26f9a.pdf
Polycab India Ltd,2023-07-18T13:17:18.51,542652,38893.82,4028.11,,26.66,26.57,,4028.11,https://www.bseindia.com/stockinfo/AnnPdfOpen.aspx?Pname=c992a0e0-bd66-4e26-9184-4c36b2d5fd03.pdf
Poonawalla Fincorp Ltd,2023-07-24T13:42:05.947,524000,,200,,,,,,https://www.bseindia.com/stockinfo/AnnPdfOpen.aspx?Pname=ccc3fa9e-d1b9-43a9-bc5b-fcb9f2ab2d36.pdf
Power Grid Corporation of India Ltd,2023-07-31T19:54:12.023,532898,11048.13,3597.16,,5.16,5.16,89,3597.16,https://www.bseindia.com/stockinfo/AnnPdfOpen.aspx?Pname=ee8a60b6-61b8-497c-b4eb-befe55d09250.pdf
Praj Industries Ltd,2023-07-27T12:00:22.09,522205,7367.227,586.726,,3.19,3.19,,586.726,https://www.bseindia.com/stockinfo/AnnPdfOpen.aspx?Pname=493b18b1-b104-4800-9ca5-3b12e51a62c0.pdf
Punjab National Bank,2023-07-26T13:26:41.957,532461,2903311,134205,,1.22,1.22,20.88,134205,https://www.bseindia.com/stockinfo/AnnPdfOpen.aspx?Pname=46c50a62-8f7d-4174-a332-2edc41cb9e07.pdf
RBL Bank Ltd,2023-07-22T12:43:34.663,540065,350976,31949,,5.33,5.30,,31949,https://www.bseindia.com/stockinfo/AnnPdfOpen.aspx?Pname=1b723b12-2c4d-47dc-8510-679bbaa01118.pdf
RITES Ltd,2023-07-28T15:45:26.583,541556,544.35,119.58,,4.49,4.49,,119.58,https://www.bseindia.com/stockinfo/AnnPdfOpen.aspx?Pname=d7220b73-b3ae-4902-9b76-81fa465fa8e0.pdf
RailTel Corporation of India Ltd,2023-07-27T18:03:40.663,543265,46761,3839,,1.20,1.20,,3839,https://www.bseindia.com/stockinfo/AnnPdfOpen.aspx?Pname=c51fdf55-d736-4a66-802e-1437f8e848cf.pdf
Ramkrishna Forgings Ltd,2023-07-21T14:44:11.37,532527,89233.55,7852.87,13948.47,4.91,4.85,,7852.87,https://www.bseindia.com/stockinfo/AnnPdfOpen.aspx?Pname=9f899f60-9c67-4db0-9295-cb8c54b9be64.pdf
Reliance Industries Ltd,2023-07-21T19:36:59.62,500325,210831,18258,40425,23.66,23.66,11.4,18258,https://www.bseindia.com/stockinfo/AnnPdfOpen.aspx?Pname=1e02a7a7-7b58-4dc0-b342-49b373ad4135.pdf
Route Mobile Ltd,2023-07-28T14:29:55.95,543228,967.34,91.69,,14.80,14.80,,91.69,https://www.bseindia.com/stockinfo/AnnPdfOpen.aspx?Pname=16eeb02e-ba43-408b-815e-c9e6d430180b.pdf
SBI Cards and Payment Services Ltd,2023-07-28T15:56:26.547,543066,4046.11,593.31,,6.27,6.24,,,https://www.bseindia.com/stockinfo/AnnPdfOpen.aspx?Pname=a9eb462e-e415-419d-8a09-98d516281b29.pdf
SBI Life Insurance Company Ltd,2023-07-25T18:46:55.21,540719,1310449,38104,,3.81,3.80,,38104,https://www.bseindia.com/stockinfo/AnnPdfOpen.aspx?Pname=6e4ef92a-5af8-4c44-98ac-3431313d8644.pdf
SRF Ltd,2023-07-24T14:34:42.573,503806,3338.38,359.29,,12.12,12.12,16.52,,https://www.bseindia.com/stockinfo/AnnPdfOpen.aspx?Pname=1ee66053-d1a3-4248-ab3f-03a391a8c03d.pdf
Sarda Energy & Minerals Ltd-$,2023-07-29T14:45:01.09,504614,1052.12,172.41,,48.48,48.48,,172.41,https://www.bseindia.com/stockinfo/AnnPdfOpen.aspx?Pname=75a5f8ec-ab15-4412-8ecf-ba258c07f765.pdf
Saregama India Ltd,2023-07-27T13:25:14.347,532163,16334,4332,,2.26,2.26,,4332,https://www.bseindia.com/stockinfo/AnnPdfOpen.aspx?Pname=c646ddd0-4f66-422b-90a8-f38dddef0625.pdf
Schaeffler India Ltd,2023-07-26T17:52:05.05,505790,,,,,,,,https://www.bseindia.com/stockinfo/AnnPdfOpen.aspx?Pname=edf3e5b1-60bb-41fc-9427-c7375e710030.pdf
Shree Cement Ltd,2023-07-26T11:12:36.5,500387,5064.3,571.94,,158.62,158.62,22,,https://www.bseindia.com/stockinfo/AnnPdfOpen.aspx?Pname=be92bf0c-dc2b-43a5-91b4-59740d5ecf3b.pdf
Shyam Metalics and Energy Ltd,2023-07-27T17:29:59.57,543299,3306.81,235.04,437.88,4.33,4.33,,235.04,https://www.bseindia.com/stockinfo/AnnPdfOpen.aspx?Pname=b29dee32-3ca0-494d-9c71-848dd16f107e.pdf
Sona BLW Precision Forgings Ltd,2023-07-27T15:58:07.587,543300,7313.84,1120.35,,1.91,1.91,,1120.35,https://www.bseindia.com/stockinfo/AnnPdfOpen.aspx?Pname=4677ad5f-32be-407b-b1f5-bd468ad95440.pdf
Sonata Software Ltd,2023-07-29T16:58:20.617,532221,201553,12012,206.4,8.66,8.65,,12012,https://www.bseindia.com/stockinfo/AnnPdfOpen.aspx?Pname=d7c456fc-a0b9-4fa7-8601-6f7c84f138b5.pdf
Sterling and Wilson Renewable Energy Ltd,2023-07-13T13:44:50.95,542760,514.96,-95.32,,-5.03,-5.03,-16.27,-95.32,https://www.bseindia.com/stockinfo/AnnPdfOpen.aspx?Pname=fc873d2a-16cb-4efb-a7cb-18e72d3e4f48.pdf
Sumitomo Chemical India Ltd,2023-07-31T15:29:37.017,542920,7242.43,616.78,,1.24,1.24,,616.78,https://www.bseindia.com/stockinfo/AnnPdfOpen.aspx?Pname=e1cbe18c-d63c-4428-89e9-bd223f8934f4.pdf
Supreme Industries Ltd,2023-07-28T13:15:24.96,509930,2368.58,215.54,,16.97,16.97,,215.54,https://www.bseindia.com/stockinfo/AnnPdfOpen.aspx?Pname=b3616339-10bf-47e3-b060-1aa068cf9e33.pdf
Suzlon Energy Ltd,2023-07-25T14:17:34.48,532667,1347.52,100.90,,0.08,0.08,,100.90,https://www.bseindia.com/stockinfo/AnnPdfOpen.aspx?Pname=68aac42c-e217-4af9-8093-72aa369abfa1.pdf
Syngene International Ltd,2023-07-26T15:26:36.15,539268,8081,934,,2.33,2.32,,,https://www.bseindia.com/stockinfo/AnnPdfOpen.aspx?Pname=e59fc875-0b40-4a4b-bd3a-8ba60bbd4743.pdf
TVS Motor Company Ltd,2023-07-24T14:47:38.347,532343,7217.91,467.67,764,9.84,9.84,10.6,,https://www.bseindia.com/stockinfo/AnnPdfOpen.aspx?Pname=8f359090-933a-4bd4-9476-64526c222a85.pdf
Tanla Platforms Ltd,2023-07-20T16:19:42.18,532790,91111.21,13540.41,,10.07,10.07,,13540.41,https://www.bseindia.com/stockinfo/AnnPdfOpen.aspx?Pname=d62f3f7f-620a-4fc3-963b-7952fd790d95.pdf
Tata Communications Ltd,2023-07-19T18:44:24.98,500483,4711,382,1024,13.39,13.39,21.5,381.75,https://www.bseindia.com/stockinfo/AnnPdfOpen.aspx?Pname=7c1af52c-95a0-4d5a-8c88-458c0acfb951.pdf
Tata Consultancy Services Ltd,2023-07-12T15:56:59.2,532540,59381,11120,,30.26,30.26,,11120,https://www.bseindia.com/stockinfo/AnnPdfOpen.aspx?Pname=89757de5-d78a-4e14-91a8-4d3ef907e224.pdf
Tata Consumer Products Ltd,2023-07-26T16:14:01.873,500800,,,,,,,,https://www.bseindia.com/stockinfo/AnnPdfOpen.aspx?Pname=f0dc3574-8c40-44de-9d4d-0e7c3eafe409.pdf
Tata Elxsi Ltd,2023-07-17T15:56:16.017,500408,,,,,,,,https://www.bseindia.com/stockinfo/AnnPdfOpen.aspx?Pname=04135d19-4ce8-4162-b7c2-c5ca31225a2c.pdf
Tata Motors Ltd,2023-07-25T15:40:17.287,500570,102236,3300,14700,,,14.4,,https://www.bseindia.com/stockinfo/AnnPdfOpen.aspx?Pname=26476424-f00d-44c0-9e66-625e2d80cfe6.pdf
Tata Steel Ltd,2023-07-24T18:04:52.79,500470,59489.66,524.85,6121.98,0.52,0.52,10.29,524.85,https://www.bseindia.com/stockinfo/AnnPdfOpen.aspx?Pname=b136e6dd-50bd-440c-b9ca-db68178315c5.pdf
Tata Teleservices (Maharashtra) Ltd,2023-07-27T11:24:21.603,532371,285.51,-301.18,127.20,-1.54,-1.54,30.92,,https://www.bseindia.com/stockinfo/AnnPdfOpen.aspx?Pname=9f7afaf7-29a7-40c8-8c80-a270296791f6.pdf
Tech Mahindra Ltd,2023-07-26T15:48:02.76,532755,131590,693,1338,7.82,7.82,10.2,693,https://www.bseindia.com/stockinfo/AnnPdfOpen.aspx?Pname=c1644a48-38f4-4621-ba47-af5f7c697ad3.pdf
Tejas Networks Ltd,2023-07-21T18:03:08.93,540595,,,,,,,,https://www.bseindia.com/stockinfo/AnnPdfOpen.aspx?Pname=5048291a-780e-4ad6-8f15-a19ca2ff4fc2.pdf
Titagarh Rail Systems Ltd,2023-07-22T14:28:13.847,532966,,,,,,,,https://www.bseindia.com/stockinfo/AnnPdfOpen.aspx?Pname=5f074e11-0885-4e21-8cd7-619b2dceb4f1.pdf
Trident Ltd,2023-07-27T16:27:32.38,521064,14937.1,913.4,,0.19,0.19,,913.4,https://www.bseindia.com/stockinfo/AnnPdfOpen.aspx?Pname=7b5170f6-f656-487d-a051-a3450b550057.pdf
Triveni Engineering & Industries Ltd,2023-07-25T17:08:20.53,532356,143226,6761,,3.09,3.09,,6761,https://www.bseindia.com/stockinfo/AnnPdfOpen.aspx?Pname=a1ce36d0-5199-4660-a487-c37978cd13d0.pdf
UPL Ltd,2023-07-31T14:52:10.143,512070,8963,102,,1.33,1.33,7.11,102,https://www.bseindia.com/stockinfo/AnnPdfOpen.aspx?Pname=78add904-8b25-4e73-b6a8-59af2401372e.pdf
UTI Asset Management Company Ltd,2023-07-25T18:12:57.183,543238,467.77,234.41,,18.46,18.46,,234.41,https://www.bseindia.com/stockinfo/AnnPdfOpen.aspx?Pname=b1be8e0c-6bba-4a7b-8b4e-3d351163bbf8.pdf
UltraTech Cement Ltd,2023-07-21T13:50:45.557,532538,17737.10,1690.22,3223,58.57,58.53,17,1690.22,https://www.bseindia.com/stockinfo/AnnPdfOpen.aspx?Pname=0a6b95f1-4229-4e28-a997-ac4c911c5386.pdf
Union Bank of India,2023-07-20T23:29:53.197,532477,2782229,327165,,4.79,4.79,25.82,327165,https://www.bseindia.com/stockinfo/AnnPdfOpen.aspx?Pname=73bed452-ad33-4e97-89b2-affa0e45087e.pdf
United Breweries Ltd-$,2023-07-28T18:49:13.153,532478,,,,,,,,https://www.bseindia.com/stockinfo/AnnPdfOpen.aspx?Pname=a2f3dd5b-1a46-4519-8d8a-81f795377f95.pdf
United Spirits Ltd,2023-07-20T16:12:23.427,532432,58301,4767,7135,6.71,6.71,,4767,https://www.bseindia.com/stockinfo/AnnPdfOpen.aspx?Pname=f6b385ba-fda4-4a8e-84a6-49353368c497.pdf
Vedant Fashions Ltd,2023-07-26T15:39:55.37,543463,,,,,,,,https://www.bseindia.com/stockinfo/AnnPdfOpen.aspx?Pname=c2879147-728d-4b8e-bf46-bdb9d7287fdf.pdf
Vedanta Ltd,2023-07-21T18:43:19.543,500295,33342,3308,6975,7.11,7.06,,2640,https://www.bseindia.com/stockinfo/AnnPdfOpen.aspx?Pname=9c95e3ab-d097-4909-b452-70669aa3e542.pdf
Welspun Living Ltd,2023-07-31T14:28:39.313,514162,22149,1616,3415,1.66,1.66,15.4,162.33,https://www.bseindia.com/stockinfo/AnnPdfOpen.aspx?Pname=97462c66-b12c-4b58-a077-6002986b6abe.pdf
Westlife Foodworld Ltd,2023-07-27T14:00:51.897,505533,6145.4,290.7,1053.0,,,17.1,,https://www.bseindia.com/stockinfo/AnnPdfOpen.aspx?Pname=fd6e97c2-94de-4789-916e-4fc226675038.pdf
Wipro Ltd,2023-07-14T19:37:06.643,507685,,,,,,,,https://www.bseindia.com/stockinfo/AnnPdfOpen.aspx?Pname=cc8e4568-7749-437f-9a85-70f81caca2e6.pdf
Yes Bank Ltd,2023-07-22T12:58:03.377,532648,763722,34668,,0.12,0.12,,,https://www.bseindia.com/stockinfo/AnnPdfOpen.aspx?Pname=bced5ce0-1ff0-4eaf-8fa4-6306c2c13671.pdf
ZF Commercial Vehicle Control Systems India Ltd,2023-07-27T12:35:39.523,533023,96680.72,9973.20,,52.58,52.58,,,https://www.bseindia.com/stockinfo/AnnPdfOpen.aspx?Pname=1a08360c-cf8f-46cb-94e8-b9a3dcac55b6.pdf
Zensar Technologies Ltd,2023-07-20T14:53:13.757,504067,12272,1562,,6.90,6.84,,1562,https://www.bseindia.com/stockinfo/AnnPdfOpen.aspx?Pname=2d0979cf-917d-4f89-a8e5-ab33e9cd88d3.pdf
3M India Ltd,2023-08-10T13:18:04.34,523395,106482.47,12921.18,18800,114.70,114.70,,,https://www.bseindia.com/stockinfo/AnnPdfOpen.aspx?Pname=17a3ccce-2bbf-4886-a74b-58304982ec7d.pdf
ABB India Ltd,2023-08-11T15:53:46.6,500002,,,,,,,,https://www.bseindia.com/stockinfo/AnnPdfOpen.aspx?Pname=8cf19694-637c-4963-bb86-177aadc47b7d.pdf
AIA Engineering Ltd,2023-08-02T13:28:53.45,532683,123958.55,27252.28,,28.87,28.87,,27252.28,https://www.bseindia.com/stockinfo/AnnPdfOpen.aspx?Pname=79813abe-9462-4d76-b3d8-15fdf477c18f.pdf
APL Apollo Tubes Ltd,2023-08-05T14:46:47.233,533758,4544.90,193.62,,6.98,6.98,,193.62,https://www.bseindia.com/stockinfo/AnnPdfOpen.aspx?Pname=cca9eb9f-02e1-4ae9-9dac-9232186f7e44.pdf
Aarti Industries Ltd,2023-08-08T19:11:51.43,524208,1414,70,,1.93,1.93,12.81,70,https://www.bseindia.com/stockinfo/AnnPdfOpen.aspx?Pname=567d26b8-e34e-44c3-89fd-499d7b153e8a.pdf
AAVAS Financiers Ltd,2023-08-03T14:26:34.65,541988,46697.32,10982.85,,13.89,13.87,,10982.85,https://www.bseindia.com/stockinfo/AnnPdfOpen.aspx?Pname=64fd3670-da9c-483e-a966-8fc481b2a43e.pdf
Abbott India Ltd,2023-08-09T18:53:42.733,500488,1479.00,290.24,,136.58,136.58,,290.24,https://www.bseindia.com/stockinfo/AnnPdfOpen.aspx?Pname=48c3057f-800d-4af5-9616-e5be79145eed.pdf
Action Construction Equipment Ltd,2023-08-11T14:09:51.533,532762,65161,6757,,5.67,5.67,,,https://www.bseindia.com/stockinfo/AnnPdfOpen.aspx?Pname=060a99a8-7fda-47fa-b1fd-e494ea639b57.pdf
Adani Enterprises Ltd,2023-08-03T14:57:26.003,512599,25438.45,676.93,,5.91,5.91,9.92,676.93,https://www.bseindia.com/stockinfo/AnnPdfOpen.aspx?Pname=5de107a7-3dd9-4d58-b3e2-fbb0f3ee5852.pdf
Adani Ports and Special Economic Zone Ltd,2023-08-08T14:19:18.517,532921,6247.55,2119.38,,9.79,9.79,60,,https://www.bseindia.com/stockinfo/AnnPdfOpen.aspx?Pname=cdae1e54-c20b-435b-bfe4-a59cdd532450.pdf
Adani Power Ltd,2023-08-03T15:05:37.727,533096,18109,8759,10618,21.90,21.90,,,https://www.bseindia.com/stockinfo/AnnPdfOpen.aspx?Pname=be249653-e9c6-46de-b4f4-c52503ada9b0.pdf
Adani Total Gas Ltd,2023-08-01T15:23:07.71,542066,,,,,,,,https://www.bseindia.com/stockinfo/AnnPdfOpen.aspx?Pname=95d000fb-ac17-44ab-9452-f1291f00d3af.pdf
Aditya Birla Capital Ltd,2023-08-02T14:24:09.033,540691,7044.97,648.76,,2.68,2.66,,648.76,https://www.bseindia.com/stockinfo/AnnPdfOpen.aspx?Pname=68b33ee9-7b0b-434f-80c1-30e3038455dd.pdf
Aditya Birla Fashion and Retail Ltd,2023-08-04T15:01:33.883,535755,3196.06,-161.62,,-1.47,-1.47,,-161.62,https://www.bseindia.com/stockinfo/AnnPdfOpen.aspx?Pname=ae4b160a-4a91-49f4-b460-60e19b42c5df.pdf
Affle 3I Ltd,2023-08-05T15:41:19.793,542752,4065.84,661.72,,4.97,4.97,,661.72,https://www.bseindia.com/stockinfo/AnnPdfOpen.aspx?Pname=81667f01-5e8f-4195-a1a4-ce15b4d53322.pdf
Alembic Pharmaceuticals Ltd,2023-08-04T13:38:34.833,533573,1486.15,120.60,,6.14,6.14,14.15,120.60,https://www.bseindia.com/stockinfo/AnnPdfOpen.aspx?Pname=6684c470-f7ba-48d1-a426-121fa376558f.pdf
Alkem Laboratories Ltd,2023-08-10T13:56:45.787,539523,29677,2867,3892,23.98,23.98,13.1,2867,https://www.bseindia.com/stockinfo/AnnPdfOpen.aspx?Pname=6b211402-5855-473a-8419-cb2b1480134b.pdf
Alkyl Amines Chemicals Ltd-$,2023-08-07T13:15:54.94,506767,409.79,49.77,,9.52,9.51,,,https://www.bseindia.com/stockinfo/AnnPdfOpen.aspx?Pname=2ebac5ec-560b-41a6-a4ed-4df95fd2bf1f.pdf
Amara Raja Energy & Mobility Ltd,2023-08-12T13:45:35.09,500008,2795.51,192.14,,11.25,11.25,,192.14,https://www.bseindia.com/stockinfo/AnnPdfOpen.aspx?Pname=41ac9a14-0d35-40d6-80ea-7d001d3b242b.pdf
Ambuja Cements Ltd,2023-08-02T09:16:02.053,500425,8713,1135,1930,4.56,4.31,22.2,,https://www.bseindia.com/stockinfo/AnnPdfOpen.aspx?Pname=0f4e467e-bf94-4f13-97cb-bbc7d5e5f7c2.pdf
Anant Raj Ltd-$,2023-08-01T18:40:30.307,515055,316.16,50.12,,1.56,1.56,,50.12,https://www.bseindia.com/stockinfo/AnnPdfOpen.aspx?Pname=d0dd9c96-f062-4e9f-8096-1c19acef2753.pdf
Apollo Hospitals Enterprise Ltd,2023-08-11T14:03:06.03,508869,44178,1666,5090,,11.59,,,https://www.bseindia.com/stockinfo/AnnPdfOpen.aspx?Pname=2a5e40c7-294a-4e8c-9934-67aa216140e8.pdf
Apollo Tyres Ltd,2023-08-10T18:09:19.74,500877,62445.80,3969.08,10517.65,6.25,6.25,16.84,3969.08,https://www.bseindia.com/stockinfo/AnnPdfOpen.aspx?Pname=23636fe3-2a27-4c67-bb13-478ef2b0b1f7.pdf
Aptus Value Housing Finance India Ltd,2023-08-01T14:37:02.67,543335,30563.14,14225.64,,2.86,2.85,,14225.64,https://www.bseindia.com/stockinfo/AnnPdfOpen.aspx?Pname=2fbda396-c3e2-480d-ab87-6fc9ce4443e4.pdf
Aster DM Healthcare Ltd,2023-08-14T17:22:24.523,540975,3215.37,19.85,,0.10,0.10,,19.85,https://www.bseindia.com/stockinfo/AnnPdfOpen.aspx?Pname=1f18cd46-8d4d-447b-b076-278f72be108d.pdf
AstraZeneca Pharma India Ltd,2023-08-14T13:51:47.62,506820,,,,,,,,https://www.bseindia.com/stockinfo/AnnPdfOpen.aspx?Pname=848fc6a1-df83-4a0e-9bc0-b538b514a1e4.pdf
Astral Ltd,2023-08-11T16:32:19.77,532830,12831,1193,,4.46,4.46,,1193,https://www.bseindia.com/stockinfo/AnnPdfOpen.aspx?Pname=07fd293a-0e02-490c-98b9-f4941ed3845e.pdf
Aurobindo Pharma Ltd,2023-08-12T18:26:47.663,524804,68505.2,5697.1,,9.74,9.74,,5697.1,https://www.bseindia.com/stockinfo/AnnPdfOpen.aspx?Pname=d663cb09-bb88-4b56-80f6-9651ff77c41f.pdf
BEML Ltd,2023-08-11T14:20:22.4,500048,,,,,,,,https://www.bseindia.com/stockinfo/AnnPdfOpen.aspx?Pname=1bad2e1c-990f-4139-80df-fcb3ea47dea0.pdf
BLS International Services Ltd,2023-08-09T19:12:37.723,540073,38348.78,7098.93,,1.68,1.68,,7098.93,https://www.bseindia.com/stockinfo/AnnPdfOpen.aspx?Pname=d1de03fd-e362-4f5d-b401-6e81e63fea02.pdf
Balkrishna Industries Ltd-$,2023-08-05T16:30:36.31,502355,215935,33188,,17.17,17.17,16.01,,https://www.bseindia.com/stockinfo/AnnPdfOpen.aspx?Pname=a7ec93b7-0ba4-482f-8fc3-e5de77cf2f56.pdf
Balrampur Chini Mills Ltd,2023-08-05T14:38:31.123,500038,138962.21,7350.51,,3.64,3.64,,7350.51,https://www.bseindia.com/stockinfo/AnnPdfOpen.aspx?Pname=a1b1bb97-7489-4caa-8641-3be02571f0d0.pdf
Bank of Baroda,2023-08-05T14:08:20.99,532134,14319,4070,,,,,4070,https://www.bseindia.com/stockinfo/AnnPdfOpen.aspx?Pname=faf9da64-a0ad-428c-879e-30f4e33f26d9.pdf
Bata India Ltd,2023-08-09T16:43:56.79,500043,9581.49,1068.92,,8.32,8.32,,1068.92,https://www.bseindia.com/stockinfo/AnnPdfOpen.aspx?Pname=641a4cfa-4dd6-4e4c-9804-b0f4b208a3c6.pdf
Berger Paints India Ltd,2023-08-09T15:24:13.737,509480,3029.51,354.91,556.75,3.65,3.65,18.8,354.91,https://www.bseindia.com/stockinfo/AnnPdfOpen.aspx?Pname=258e47cc-a585-4e3a-ab00-73511580d36d.pdf
Bharat Dynamics Ltd,2023-08-07T13:48:09.993,541143,,,,,,,,https://www.bseindia.com/stockinfo/AnnPdfOpen.aspx?Pname=a9e83c2a-67e4-42ba-ac18-dbb13e9a7ac1.pdf
Bharat Forge Ltd,2023-08-09T12:59:18.56,500493,38772.69,2137.30,5920.10,4.80,4.80,15.42,2137.30,https://www.bseindia.com/stockinfo/AnnPdfOpen.aspx?Pname=f40f4506-2563-4e79-942a-7739537f78c5.pdf
Bharat Heavy Electricals Ltd,2023-08-04T15:38:27.477,500103,4818.37,,,,,,,https://www.bseindia.com/stockinfo/AnnPdfOpen.aspx?Pname=30bdb1d1-5c00-498b-9ee5-831f25876883.pdf
Bharti Airtel Ltd,2023-08-03T16:57:12.697,532454,374400,16125,197461,2.84,2.79,52.7,16125,https://www.bseindia.com/stockinfo/AnnPdfOpen.aspx?Pname=498149c2-6a7e-49f7-9185-93edf07fe017.pdf
Bikaji Foods International Ltd,2023-08-01T15:38:44.28,543653,,,,,,,,https://www.bseindia.com/stockinfo/AnnPdfOpen.aspx?Pname=3e0d576e-33c5-44ae-8d84-e623de7c7584.pdf
Biocon Ltd,2023-08-10T19:54:21.63,532523,34226,1489,,0.85,0.85,,1489,https://www.bseindia.com/stockinfo/AnnPdfOpen.aspx?Pname=dca8cc28-0757-4e42-b710-509689e8a4cc.pdf
Blue Star Ltd,2023-08-03T14:37:31.087,500067,2226.00,83.37,,4.33,4.33,6.51,83.37,https://www.bseindia.com/stockinfo/AnnPdfOpen.aspx?Pname=a6fc9c6b-729d-4d70-b6f2-347a00c9ff1c.pdf
Bombay Burmah Trading Corporation Ltd,2023-08-11T23:10:57.457,501425,,,,,,,,https://www.bseindia.com/stockinfo/AnnPdfOpen.aspx?Pname=c2b2cc9a-a3f6-457a-bba9-4da0ad804eb1.pdf
Brigade Enterprises Ltd,2023-08-08T16:35:20.263,532929,65397,2189,,1.67,1.66,,2189,https://www.bseindia.com/stockinfo/AnnPdfOpen.aspx?Pname=4862d02e-eac1-43f3-950d-12c4937eef59.pdf
Britannia Industries Ltd,2023-08-04T18:57:26.3,500825,4010.70,455.45,,19.00,19.00,15.49,455.45,https://www.bseindia.com/stockinfo/AnnPdfOpen.aspx?Pname=37fe63c5-8124-41ef-b604-336e2dd09ad1.pdf
C.E. Info Systems Ltd,2023-08-05T11:00:37.103,543425,8941,3200,,6.00,5.86,,3200,https://www.bseindia.com/stockinfo/AnnPdfOpen.aspx?Pname=60cf7f18-f854-4ebf-bacb-9eedb07c809a.pdf
CESC Ltd,2023-08-04T15:23:01.207,500084,4310,368,,2.62,2.62,14.9,,https://www.bseindia.com/stockinfo/AnnPdfOpen.aspx?Pname=6a74d9cc-7821-4af3-8f8a-aaea27657337.pdf
Campus Activewear Ltd,2023-08-10T16:43:53.5,543523,353.76,31.48,,1.03,1.03,,,https://www.bseindia.com/stockinfo/AnnPdfOpen.aspx?Pname=bdf927fe-de0f-47b1-959f-578c2acfdff6.pdf
Caplin Point Laboratories Ltd,2023-08-07T13:53:28.58,524742,407.36,104.23,138.57,13.62,13.55,34.0,104.23,https://www.bseindia.com/stockinfo/AnnPdfOpen.aspx?Pname=20775b84-8843-45b2-b130-3262c31f9b24.pdf
Capri Global Capital Ltd,2023-08-05T20:11:36.793,531595,3935.57,429.48,,2.08,2.06,,429.48,https://www.bseindia.com/stockinfo/AnnPdfOpen.aspx?Pname=5c51b50f-e5d0-4d83-9c9c-86d958085c8c.pdf
Carborundum Universal Ltd,2023-08-02T14:51:20.653,513375,120322,11776,,5.96,5.94,,11776,https://www.bseindia.com/stockinfo/AnnPdfOpen.aspx?Pname=64cfd839-3e5f-4992-9666-beb95e71d16a.pdf
Century Plyboards (India) Ltd-$,2023-08-04T14:04:31.133,532548,,,,,,,,https://www.bseindia.com/stockinfo/AnnPdfOpen.aspx?Pname=221f609d-af38-402b-abbd-4d2ca75f0421.pdf
Cera Sanitaryware Ltd,2023-08-03T12:33:28.77,532443,42890.70,5670.16,,43.27,43.27,,5670.16,https://www.bseindia.com/stockinfo/AnnPdfOpen.aspx?Pname=224f404c-5125-4507-b5d0-a75b175a3be8.pdf
Chambal Fertilisers & Chemicals Ltd,2023-08-08T11:56:18.23,500085,5589.28,338.60,,8.14,8.14,,338.60,https://www.bseindia.com/stockinfo/AnnPdfOpen.aspx?Pname=72069553-f48c-41dd-b7a6-fc6006420d10.pdf
Cholamandalam Financial Holdings Ltd,2023-08-10T14:55:10.567,504973,5714.59,791.78,,19.78,,,791.78,https://www.bseindia.com/stockinfo/AnnPdfOpen.aspx?Pname=63dee6be-0eda-42d8-86a0-63b4b10bea6f.pdf
Cholamandalam Investment and Finance Company Ltd,2023-08-01T15:28:55.063,511243,4082.06,709.94,,6.84,6.83,,,https://www.bseindia.com/stockinfo/AnnPdfOpen.aspx?Pname=dd0c0ea6-6a1b-4132-be57-9c87ad02d0ac.pdf
Clean Science and Technology Ltd,2023-08-03T14:24:25.967,543318,1881.14,589.40,,5.55,5.55,,589.40,https://www.bseindia.com/stockinfo/AnnPdfOpen.aspx?Pname=bb8e9e1c-8094-47c9-b992-92ce78f21281.pdf
Coal India Ltd,2023-08-08T17:22:11.853,533278,35943.21,7941.40,,12.93,12.93,,7941.40,https://www.bseindia.com/stockinfo/AnnPdfOpen.aspx?Pname=e8910316-322f-4c3f-a478-7c9cc5f14935.pdf
Cochin Shipyard Ltd,2023-08-11T13:10:48.93,540678,47586.30,9865.24,,7.50,7.50,31,,https://www.bseindia.com/stockinfo/AnnPdfOpen.aspx?Pname=9ef95a4e-913d-4c78-875f-fc79bd40560a.pdf
Cohance Lifesciences Ltd,2023-08-08T16:14:25.84,543064,3541,1243,1799,4.88,4.88,50.82,,https://www.bseindia.com/stockinfo/AnnPdfOpen.aspx?Pname=e6713999-fab3-4a74-8248-81ea84c4c480.pdf
Computer Age Management Services Ltd,2023-08-04T13:43:32.87,543232,,,,,,,,https://www.bseindia.com/stockinfo/AnnPdfOpen.aspx?Pname=f94442bf-b0d0-4458-b8d9-0a61fc54ba2e.pdf
Container Corporation of India Ltd,2023-08-10T18:35:31.083,531344,1922.84,242.19,,4.02,4.02,,242.19,https://www.bseindia.com/stockinfo/AnnPdfOpen.aspx?Pname=0652e33b-c7bb-4ce0-86c7-0363ab9f5b23.pdf
Crompton Greaves Consumer Electricals Ltd,2023-08-12T16:58:09.28,539876,,,,,,,,https://www.bseindia.com/stockinfo/AnnPdfOpen.aspx?Pname=b4f6093c-0ef5-4a22-955d-b023ac2dbfe1.pdf
Cummins India Ltd,2023-08-03T16:03:36.493,500480,2184.69,353.72,,12.76,12.76,,353.72,https://www.bseindia.com/stockinfo/AnnPdfOpen.aspx?Pname=bab264b1-81a2-432a-a274-c3d44cb88dcd.pdf
Dabur India Ltd,2023-08-03T14:30:22.253,500096,3130.47,456.61,,2.62,2.61,19.32,456.61,https://www.bseindia.com/stockinfo/AnnPdfOpen.aspx?Pname=6aaceccc-bdf1-49ae-93dc-dc5715200e7b.pdf
Data Patterns (India) Ltd,2023-08-08T16:13:59.873,543428,89.69,25.83,,4.61,4.61,,25.83,https://www.bseindia.com/stockinfo/AnnPdfOpen.aspx?Pname=e40ffc3b-f088-4db6-ad08-41d29a0c2fa1.pdf
Deepak Nitrite Ltd-$,2023-08-03T18:27:48.417,506401,1768.34,149.90,,10.99,10.99,,149.90,https://www.bseindia.com/stockinfo/AnnPdfOpen.aspx?Pname=0df45a6f-5b6c-4a9c-8f97-f6697805b2be.pdf
Delhivery Ltd,2023-08-04T17:45:59.393,543529,19297.82,-894.80,,-1.23,-1.23,,-894.80,https://www.bseindia.com/stockinfo/AnnPdfOpen.aspx?Pname=5d088dbc-9cff-4edf-bdc8-6dd18e370157.pdf
Devyani International Ltd,2023-08-04T12:29:52.733,543330,8468.34,-15.95,,0.10,0.10,,117.58,https://www.bseindia.com/stockinfo/AnnPdfOpen.aspx?Pname=13dacdaf-4a00-4258-82d2-d4fc8bf14f3f.pdf
Divis Laboratories Ltd,2023-08-14T12:56:35.17,532488,1859,356,,,,,,https://www.bseindia.com/stockinfo/AnnPdfOpen.aspx?Pname=879dd693-132d-442d-8cbe-037026be3ce6.pdf
EID Parry India Ltd,2023-08-09T14:52:45.67,500125,7026.45,324.90,652,6.13,6.11,,324.90,https://www.bseindia.com/stockinfo/AnnPdfOpen.aspx?Pname=21928492-4ce2-43a6-a0bc-e4ba8bac5de0.pdf
EIH Ltd,2023-08-08T19:42:12.303,500840,498.10,106.03,,1.66,1.66,,106.03,https://www.bseindia.com/stockinfo/AnnPdfOpen.aspx?Pname=75aa1f09-a2ef-48e3-beda-d2cea2330d48.pdf
Eicher Motors Ltd,2023-08-03T17:18:14.76,505200,3986.37,918.34,,33.57,33.50,,918.34,https://www.bseindia.com/stockinfo/AnnPdfOpen.aspx?Pname=f961074d-66e9-43b3-afaa-0340f03b8493.pdf
Elgi Equipments Ltd,2023-08-11T18:10:33.263,522074,7238.75,604.80,,1.91,1.91,,604.80,https://www.bseindia.com/stockinfo/AnnPdfOpen.aspx?Pname=5fa1c96c-635c-442e-baad-a7703f03bf34.pdf
Emami Ltd-$,2023-08-07T17:33:30.933,531162,82566,13675,19829,3.13,3.13,,13675,https://www.bseindia.com/stockinfo/AnnPdfOpen.aspx?Pname=f45377bc-a67f-4744-9eca-d2a4956caab2.pdf
Endurance Technologies Ltd,2023-08-10T19:39:20.29,540153,24499.63,1635.01,,11.62,11.62,,1635.01,https://www.bseindia.com/stockinfo/AnnPdfOpen.aspx?Pname=2b8ed8ae-3441-4427-b132-7231b1b137de.pdf
Engineers India Ltd,2023-08-02T20:51:59.893,532178,,,,,,,,https://www.bseindia.com/stockinfo/AnnPdfOpen.aspx?Pname=1a5c42e5-b113-4096-b267-fee583365973.pdf
Eris Lifesciences Ltd,2023-08-07T13:04:41.643,540596,4666.22,936.49,,6.97,6.97,,936.49,https://www.bseindia.com/stockinfo/AnnPdfOpen.aspx?Pname=e5744c5e-64b0-492d-a77b-4f3bfd8096c7.pdf
Escorts Kubota Ltd,2023-08-01T14:39:18.447,500495,2355.17,289.89,,26.76,26.73,,289.89,https://www.bseindia.com/stockinfo/AnnPdfOpen.aspx?Pname=14f6b67a-64ac-4584-9ab3-7c357193fe5f.pdf
Eternal Ltd,2023-08-03T16:19:22.967,543320,2416,-188,,0.00,0.00,,-188,https://www.bseindia.com/stockinfo/AnnPdfOpen.aspx?Pname=7435cbb9-21ac-4788-a3b9-a7be0e1cf5a2.pdf
FSN E-Commerce Ventures Ltd,2023-08-11T15:54:02.72,543384,14218.24,54.25,,0.02,0.02,,54.25,https://www.bseindia.com/stockinfo/AnnPdfOpen.aspx?Pname=5c286d9b-2bc9-4211-b8f1-97c6197f079e.pdf
Finolex Cables Ltd,2023-08-12T14:22:49.227,500144,1204.3,132.2,183.2,8.65,8.65,,132.2,https://www.bseindia.com/stockinfo/AnnPdfOpen.aspx?Pname=54c9cb9f-b1ff-4744-ad0f-d0649a1cbb55.pdf
Firstsource Solutions Ltd,2023-08-02T12:18:26.817,532809,15292,1260,,1.85,1.8,1789,,https://www.bseindia.com/stockinfo/AnnPdfOpen.aspx?Pname=b12589d6-2e50-42ed-a3e5-96d08ef06da4.pdf
Fortis Healthcare Ltd,2023-08-04T20:06:47.427,532843,165741,12396,28060,1.48,1.48,,12396,https://www.bseindia.com/stockinfo/AnnPdfOpen.aspx?Pname=91fcfd46-e996-42f8-9488-29ef4d473c04.pdf
GE Vernova T&D India Ltd,2023-08-08T15:47:05.8,522275,7175.7,282.4,,1.10,1.10,,282.4,https://www.bseindia.com/stockinfo/AnnPdfOpen.aspx?Pname=093b47d5-aa40-4e1a-9aba-fa717351df4d.pdf
GMR Airports Ltd,2023-08-14T18:33:21.563,532754,2017.63,16.84,,-0.05,-0.05,,16.84,https://www.bseindia.com/stockinfo/AnnPdfOpen.aspx?Pname=e60ea296-7c2b-4c54-b65d-0ec71918f522.pdf
Garden Reach Shipbuilders & Engineers Ltd,2023-08-11T17:09:14.217,542011,75590.32,7668.07,,6.69,6.69,,7668.07,https://www.bseindia.com/stockinfo/AnnPdfOpen.aspx?Pname=b092ef03-43d8-4f30-a3fc-6ed2d008a9bd.pdf
General Insurance Corporation of India,2023-08-10T15:53:39.103,540755,1038866,73178,,4.17,4.17,,73178,https://www.bseindia.com/stockinfo/AnnPdfOpen.aspx?Pname=e3de986c-be30-4442-ac8e-936f60cd10a5.pdf
Gillette India Ltd,2023-08-29T13:40:23.793,507815,61944,9175,,28.15,28.15,,9175,https://www.bseindia.com/stockinfo/AnnPdfOpen.aspx?Pname=6a7a824b-6ecd-4d8a-88b4-798f8db931dd.pdf
Gland Pharma Ltd,2023-08-07T16:26:21.16,543245,12087,1941,2982,11.79,11.78,25,,https://www.bseindia.com/stockinfo/AnnPdfOpen.aspx?Pname=56b51db5-ae66-476e-a7cc-221b7f8a49da.pdf
Glenmark Pharmaceuticals Ltd,2023-08-11T18:01:38.787,532296,34016.03,1731.28,,5.31,5.31,,,https://www.bseindia.com/stockinfo/AnnPdfOpen.aspx?Pname=33e95a36-ca7c-4bcd-b529-08fc784b39ac.pdf
Global Health Ltd,2023-08-10T15:52:49.387,543654,77303.96,10201.02,,3.80,3.80,,10201.02,https://www.bseindia.com/stockinfo/AnnPdfOpen.aspx?Pname=f6a284e5-a52b-41b4-bdbf-e487427945e9.pdf
Godrej Agrovet Ltd,2023-08-01T15:24:51.397,540743,2510.19,107.08,204.44,5.48,5.48,7.7,107.08,https://www.bseindia.com/stockinfo/AnnPdfOpen.aspx?Pname=625bb039-faeb-48ee-816a-caed43c1a2d2.pdf
Godrej Consumer Products Ltd,2023-08-07T16:57:16.103,532424,3448.91,318.82,635.66,3.12,3.12,19.8,,https://www.bseindia.com/stockinfo/AnnPdfOpen.aspx?Pname=9544ece2-d7ce-4c9b-a599-02cd4faa0ba7.pdf
Godrej Industries Ltd,2023-08-11T13:22:37.99,500164,4505.66,291.41,775,5.29,5.29,5.36,178,https://www.bseindia.com/stockinfo/AnnPdfOpen.aspx?Pname=20d3cc5a-8ddf-4bea-ba02-9fcdc8dade20.pdf
Godrej Properties Ltd,2023-08-02T12:14:39.67,533150,936.09,133.69,,4.59,4.59,-6.64,133.69,https://www.bseindia.com/stockinfo/AnnPdfOpen.aspx?Pname=3404185f-6de8-45a4-8651-bc21aae7336e.pdf
Graphite India Ltd,2023-08-10T13:35:45.693,509488,747,-30,,-1.56,-1.56,,-30,https://www.bseindia.com/stockinfo/AnnPdfOpen.aspx?Pname=56dbf15e-2356-4d2c-ab04-0b92ef0e7a2d.pdf
Grasim Industries Ltd,2023-08-10T14:34:49.767,500300,31065.19,2576.35,,24.01,23.99,15.25,1576.47,https://www.bseindia.com/stockinfo/AnnPdfOpen.aspx?Pname=5e96e2d6-76fa-4082-9f55-5eff05c9fad5.pdf
Great Eastern Shipping Company Ltd,2023-08-08T16:58:13.47,500620,62.5,0.19,,,,,,https://www.bseindia.com/stockinfo/AnnPdfOpen.aspx?Pname=49fdb4c3-794a-4915-9e15-7fd0e6f5badc.pdf
Gujarat Gas Ltd,2023-08-02T16:12:18.433,539336,3923.70,215.95,,3.14,3.14,,215.95,https://www.bseindia.com/stockinfo/AnnPdfOpen.aspx?Pname=b0da4bcc-10c3-4e11-8790-a212ec68b003.pdf
Gujarat Mineral Development Corporation Ltd,2023-08-01T14:28:19.92,532181,76560.27,21870.23,,6.88,6.88,,21870.23,https://www.bseindia.com/stockinfo/AnnPdfOpen.aspx?Pname=e23d53b2-f487-4fca-9f06-160283ab7d00.pdf
Gujarat Narmada Valley Fertilizers & Chemicals Ltd,2023-08-07T14:35:12.02,500670,1652,85,105,5.68,5.68,6,88,https://www.bseindia.com/stockinfo/AnnPdfOpen.aspx?Pname=7d8e8544-02a1-4aec-b77c-965dc154256e.pdf
Gujarat Pipavav Port Ltd,2023-08-09T13:29:57.78,533248,,19.14,,,,,,https://www.bseindia.com/stockinfo/AnnPdfOpen.aspx?Pname=48f3ec02-0712-406d-a340-dc542894eb5e.pdf
Gujarat State Petronet Ltd,2023-08-04T14:18:57.197,532702,428087.02,43402.52,,5.94,5.94,,,https://www.bseindia.com/stockinfo/AnnPdfOpen.aspx?Pname=f86e0af7-6245-43b1-ac3b-486a16176bba.pdf
HEG Ltd,2023-08-11T17:43:14.67,509631,671.43,139.12,,36.05,36.05,,139.12,https://www.bseindia.com/stockinfo/AnnPdfOpen.aspx?Pname=04604cbc-cf1e-4499-b3f0-b0424cbf626c.pdf
HBL Engineering Ltd-$,2023-08-11T12:57:02.6,517271,46743.47,5150.76,,1.86,1.86,,5150.76,https://www.bseindia.com/stockinfo/AnnPdfOpen.aspx?Pname=dda2902b-d168-44ea-a936-105970945075.pdf
Happiest Minds Technologies Ltd,2023-08-08T23:10:49.673,543227,39087,5833,10299,4.04,4.02,25.5,5833,https://www.bseindia.com/stockinfo/AnnPdfOpen.aspx?Pname=92889deb-f8a1-4a36-9a1c-ffe36010543d.pdf
Hero MotoCorp Ltd,2023-08-10T18:27:41.233,500182,8851.01,700.54,1206,35.54,35.50,13.8,700.54,https://www.bseindia.com/stockinfo/AnnPdfOpen.aspx?Pname=598c62da-9930-458e-9fe9-ba6dd8ebe8bf.pdf
Hindustan Aeronautics Ltd,2023-08-11T15:04:22.81,541154,391535,81409,,24.35,24.35,,81409,https://www.bseindia.com/stockinfo/AnnPdfOpen.aspx?Pname=19723986-8a27-415e-af50-11f94e5ee201.pdf
Hindustan Copper Ltd,2023-08-14T17:46:26.56,513599,370.94,47.28,,0.49,0.49,,47.28,https://www.bseindia.com/stockinfo/AnnPdfOpen.aspx?Pname=aa305379-06bb-48ad-89a9-a7e7999f3253.pdf
Hindustan Petroleum Corporation Ltd,2023-08-02T18:17:01.04,500104,119162.26,6765.50,,47.69,47.69,7.53,6765.50,https://www.bseindia.com/stockinfo/AnnPdfOpen.aspx?Pname=63c081ea-6ea8-414e-8374-12dc87111343.pdf
Honeywell Automation India Ltd,2023-08-14T23:34:04.467,517174,93232,10344,,116.99,116.99,,10344,https://www.bseindia.com/stockinfo/AnnPdfOpen.aspx?Pname=b07f15ea-5b37-49c2-a5a7-e84dfd35c882.pdf
Housing & Urban Development Corporation Ltd,2023-08-04T14:43:56.463,540530,1150.14,445.70,,2.23,2.23,32.44,,https://www.bseindia.com/stockinfo/AnnPdfOpen.aspx?Pname=e0bb5632-d359-454b-94c0-f99f3934e9f1.pdf
IRCON International Ltd,2023-08-08T14:35:07.42,541956,2717.15,187.37,,1.99,1.99,,,https://www.bseindia.com/stockinfo/AnnPdfOpen.aspx?Pname=1e3c8011-faa1-4461-818f-6a8897a40add.pdf
ITC Ltd,2023-08-14T16:40:19.66,500875,18639.48,5189.61,,4.11,4.10,,5189.61,https://www.bseindia.com/stockinfo/AnnPdfOpen.aspx?Pname=2647c050-7b99-4cf6-b950-d85ac59e1e49.pdf
ITI Ltd,2023-08-11T16:15:41.8,523610,17004,-10281,,-1.08,-1.08,,-10281,https://www.bseindia.com/stockinfo/AnnPdfOpen.aspx?Pname=d1b927de-a73b-459a-8a0e-79ad4458570c.pdf
India Cements Ltd,2023-08-07T12:18:12.213,530005,1436.74,-87.40,,-2.86,-2.86,,-87.40,https://www.bseindia.com/stockinfo/AnnPdfOpen.aspx?Pname=6be770f7-444e-496c-97ab-bf5e0e1a3ac7.pdf
Indian Overseas Bank,2023-08-02T14:19:23.803,532388,1062.79,3.68,,,,,,https://www.bseindia.com/stockinfo/AnnPdfOpen.aspx?Pname=3d62c48d-1c9a-482b-a0d5-a31820317a80.pdf
Indian Railway Catering and Tourism Corporation Ltd,2023-08-09T16:37:46.257,542830,,,,,,,,https://www.bseindia.com/stockinfo/AnnPdfOpen.aspx?Pname=abf1c371-b627-43b7-b3fa-d4ed538eebca.pdf
Indian Railway Finance Corporation Ltd,2023-08-11T17:38:19.273,543257,66791.73,15565.74,,1.20,1.2086,,15565.74,https://www.bseindia.com/stockinfo/AnnPdfOpen.aspx?Pname=00a9371d-3b69-4a98-b704-bccb470513d6.pdf
Info Edge (India) Ltd,2023-08-11T13:42:54.303,532777,584.3,,,,,,,https://www.bseindia.com/stockinfo/AnnPdfOpen.aspx?Pname=e6a546a9-49e6-49b6-88ef-4ebd828d4d89.pdf
InterGlobe Aviation Ltd,2023-08-02T16:06:34.54,539448,166830.52,30906.01,,80.16,80.03,,30906.01,https://www.bseindia.com/stockinfo/AnnPdfOpen.aspx?Pname=e79a1990-bc3b-4ca9-b30b-0dfb0de0f905.pdf
Ipca Laboratories Ltd,2023-08-10T13:08:36.23,524494,1587.58,162.82,294.13,6.42,6.42,18.53,162.82,https://www.bseindia.com/stockinfo/AnnPdfOpen.aspx?Pname=5ab93ea9-5827-4e1b-8495-dfd8661b113a.pdf
JK Cement Ltd,2023-08-12T15:51:37.57,532644,276262.84,11346.99,,14.84,14.84,14.22,11346.99,https://www.bseindia.com/stockinfo/AnnPdfOpen.aspx?Pname=35c78004-651e-4936-bc41-475b1dae95f1.pdf
JK Tyre & Industries Ltd,2023-08-04T12:42:54.713,530007,3718.08,159.34,465.45,5.93,5.91,12.5,158.59,https://www.bseindia.com/stockinfo/AnnPdfOpen.aspx?Pname=1d169ab4-e71f-4975-b760-5d55be59dfce.pdf
JM Financial Ltd-$,2023-08-03T16:24:05.31,523405,1081.12,176.56,,1.74,1.74,,176.56,https://www.bseindia.com/stockinfo/AnnPdfOpen.aspx?Pname=c5d409ad-73b3-4b6e-93ff-887c45dcb461.pdf
Jindal Saw Ltd,2023-08-11T15:21:04.613,500378,4410.03,243.48,486.82,8.28,8.28,10.92,243.48,https://www.bseindia.com/stockinfo/AnnPdfOpen.aspx?Pname=cee941a8-96c2-471d-b5d7-5efa0a64ee71.pdf
Jindal Steel Ltd,2023-08-11T16:01:10.433,532286,14539,1692,2704,,,,,https://www.bseindia.com/stockinfo/AnnPdfOpen.aspx?Pname=aa90de95-0d14-4adc-824f-f9ece4415881.pdf
Jupiter Wagons Ltd,2023-08-07T18:53:55.03,533272,75318.65,6285.43,,1.60,1.60,,6285.43,https://www.bseindia.com/stockinfo/AnnPdfOpen.aspx?Pname=6133d7a4-6c45-4db5-a0e4-68aed6c758dd.pdf
K.P.R. Mill Limited,2023-08-01T12:59:12.853,532889,161599,20284,33733,5.93,5.93,,20284,https://www.bseindia.com/stockinfo/AnnPdfOpen.aspx?Pname=01b39c8f-e333-4887-b10e-46a75dc3588e.pdf
KNR Constructions Ltd,2023-08-14T19:19:05.58,532942,,,,,,,,https://www.bseindia.com/stockinfo/AnnPdfOpen.aspx?Pname=692b8864-054c-44db-9a46-50f86725ad52.pdf
Kalpataru Projects International Ltd,2023-08-11T13:37:25.78,522287,4241,113,,7.09,7.09,9.0,,https://www.bseindia.com/stockinfo/AnnPdfOpen.aspx?Pname=b993f573-43e8-4926-aaee-6025ca1e3beb.pdf
Kalyan Jewellers India Ltd,2023-08-09T12:24:26.95,543278,43757.42,1435.52,,1.40,1.40,,1435.52,https://www.bseindia.com/stockinfo/AnnPdfOpen.aspx?Pname=a1c8a6b2-c261-46e3-b961-8da5edccde1d.pdf
Kansai Nerolac Paints Ltd,2023-08-03T14:40:41.73,500165,2071.2,743.8,333.9,,,,,https://www.bseindia.com/stockinfo/AnnPdfOpen.aspx?Pname=78ad5c11-9158-4216-9b23-0550fe558d44.pdf
KEC International Ltd,2023-08-03T18:22:43.86,532714,4243.59,42.33,,1.65,1.65,5.76,42.33,https://www.bseindia.com/stockinfo/AnnPdfOpen.aspx?Pname=3e681285-1110-40f8-827c-c569bc03f5a7.pdf
Kirloskar Brothers Ltd-$,2023-08-01T12:51:43.58,500241,9050,636,,8.02,8.02,,636,https://www.bseindia.com/stockinfo/AnnPdfOpen.aspx?Pname=dd592dab-5be0-4af2-b094-0fee24edb8de.pdf
Kirloskar Oil Engines Ltd,2023-08-10T17:14:38.177,533293,1543.37,125.53,,8.67,8.65,,125.53,https://www.bseindia.com/stockinfo/AnnPdfOpen.aspx?Pname=464bd183-56ef-459a-a1ea-53b497be9d03.pdf
Krishna Institute of Medical Sciences Ltd,2023-08-07T17:50:43.887,543308,6060.29,866.71,,10.10,10.10,,866.71,https://www.bseindia.com/stockinfo/AnnPdfOpen.aspx?Pname=1f4cf944-ce12-4663-bd30-395ca5e0ecb9.pdf
LIC Housing Finance Ltd,2023-08-03T19:20:07.59,500253,6759.13,1319.04,,23.98,23.98,24.44,1319.04,https://www.bseindia.com/stockinfo/AnnPdfOpen.aspx?Pname=828453cf-231b-447a-b4b2-426d46c1cafc.pdf
Lemon Tree Hotels Ltd,2023-08-10T19:50:29.567,541233,22460.52,2752.75,10684.64,0.30,0.30,47.6,,https://www.bseindia.com/stockinfo/AnnPdfOpen.aspx?Pname=0f0d9b68-a80f-420a-800d-11241c08c82c.pdf
Linde India Ltd,2023-08-08T17:05:11.597,523457,,,,,,,,https://www.bseindia.com/stockinfo/AnnPdfOpen.aspx?Pname=289f1b3d-b0ec-44cb-a9fc-4ce1f9a84fb9.pdf
Lloyds Metals and Energy Ltd,2023-08-08T14:39:02.43,512455,1977.39,403.26,,7.99,7.93,,403.26,https://www.bseindia.com/stockinfo/AnnPdfOpen.aspx?Pname=70154ab1-c5ce-4077-a8ed-ff032ed0756c.pdf
Lupin Ltd,2023-08-03T22:00:24.823,500257,48140.6,4522.6,,9.94,9.90,,4522.6,https://www.bseindia.com/stockinfo/AnnPdfOpen.aspx?Pname=6797e0b0-c956-48d8-ae08-73cdf6b97cf4.pdf
MRF Ltd,2023-08-03T12:39:27.27,500290,6440.29,588.75,,1388.19,1388.19,12.37,,https://www.bseindia.com/stockinfo/AnnPdfOpen.aspx?Pname=1bc0d87a-0d96-4a33-a372-5e4c354990ad.pdf
Mahanagar Gas Ltd,2023-08-03T17:21:45.663,539957,1690.18,368.40,521.27,37.30,37.30,33.90,368.40,https://www.bseindia.com/stockinfo/AnnPdfOpen.aspx?Pname=c19ce082-5820-46e2-aa77-407fc6a73147.pdf
Maharashtra Seamless Ltd,2023-08-01T14:08:23.783,500265,122294,20662,,15.41,15.41,,20662,https://www.bseindia.com/stockinfo/AnnPdfOpen.aspx?Pname=49340ffe-ad76-46d7-b68d-0e7e20c04460.pdf
Mahindra & Mahindra Ltd,2023-08-04T13:09:40.153,500520,33891.63,3683.87,,31.50,31.37,13.73,3508.41,https://www.bseindia.com/stockinfo/AnnPdfOpen.aspx?Pname=719d85e9-3bd6-4cdb-a001-d08b9b304a21.pdf
Manappuram Finance Ltd,2023-08-10T14:29:35.763,531213,2057.17,498.02,,5.88,5.88,,498.02,https://www.bseindia.com/stockinfo/AnnPdfOpen.aspx?Pname=85ab367d-e852-4b7a-8e01-5c326c8f518d.pdf
Mankind Pharma Ltd,2023-08-02T18:16:36.807,543904,257861.75,49418.84,,12.15,12.14,,49418.84,https://www.bseindia.com/stockinfo/AnnPdfOpen.aspx?Pname=b75992a8-081a-4824-bcb7-9004650c7993.pdf
Max Financial Services Ltd,2023-08-09T18:21:45.03,500271,9168.12,101.13,,2.54,2.54,,101.13,https://www.bseindia.com/stockinfo/AnnPdfOpen.aspx?Pname=06574e78-c387-4fd1-8120-bf2a3d4aa612.pdf
Max Healthcare Institute Ltd,2023-08-07T15:46:22.54,543220,128499,24008,,2.47,2.46,,,https://www.bseindia.com/stockinfo/AnnPdfOpen.aspx?Pname=a47fcdd8-1e48-40c7-920c-b33a9de7c8df.pdf
Mazagon Dock Shipbuilders Ltd,2023-08-10T15:52:06.88,543237,217276,31434,,15.59,15.59,6.93,31434,https://www.bseindia.com/stockinfo/AnnPdfOpen.aspx?Pname=ff75fb59-02f5-44b5-a72c-065fe87a0b8e.pdf
Minda Corporation Ltd,2023-08-03T14:27:11.893,538962,1075,45,115,,,10.7,,https://www.bseindia.com/stockinfo/AnnPdfOpen.aspx?Pname=70c72726-3201-4bd8-9b64-924074289043.pdf
Muthoot Finance Ltd,2023-08-11T17:10:17.877,533398,,,,,,,,https://www.bseindia.com/stockinfo/AnnPdfOpen.aspx?Pname=348ab547-256b-453c-a700-2ce3032b5cff.pdf
Natco Pharma Ltd,2023-08-09T14:50:08.567,524816,11405,4203,,23.26,23.26,,4203,https://www.bseindia.com/stockinfo/AnnPdfOpen.aspx?Pname=b83d87c9-b715-4aa0-9aa5-9874b5afe281.pdf
NBCC (India) Ltd,2023-08-10T16:56:36.613,534309,191378.88,7741.02,,0.42,0.42,,7741.02,https://www.bseindia.com/stockinfo/AnnPdfOpen.aspx?Pname=36d4b050-8b53-4240-8387-92a5cbf13d0c.pdf
NCC Ltd,2023-08-10T15:18:57.577,500294,4406.72,173.54,409.21,2.76,2.76,,,https://www.bseindia.com/stockinfo/AnnPdfOpen.aspx?Pname=b3c901e9-262e-44c3-9d9d-fca323eacbd8.pdf
NHPC Ltd,2023-08-11T21:10:28.23,533098,2757.26,1095.38,,0.99,0.99,45.70,,https://www.bseindia.com/stockinfo/AnnPdfOpen.aspx?Pname=6ac8d9e6-850c-46b4-a91f-34fa4998a392.pdf
NMDC Steel Ltd,2023-08-11T20:12:54.57,543768,,,,,,,,https://www.bseindia.com/stockinfo/AnnPdfOpen.aspx?Pname=1825fee4-9fca-419c-a83a-312ad6f67315.pdf
Narayana Hrudayalaya Ltd,2023-08-02T18:26:46.887,539551,,,,,,,,https://www.bseindia.com/stockinfo/AnnPdfOpen.aspx?Pname=8e2b22d0-7ee2-44d5-9820-4fa259ac4603.pdf
Nava Ltd,2023-08-04T13:06:49.72,513023,104227.78,34274.04,,17.99,17.99,,34274.04,https://www.bseindia.com/stockinfo/AnnPdfOpen.aspx?Pname=acf33dd0-139b-4e54-baf9-ed121603425c.pdf
Neuland Laboratories Ltd,2023-08-03T15:02:46.44,524558,36303.28,6187.90,,48.23,48.23,,6187.90,https://www.bseindia.com/stockinfo/AnnPdfOpen.aspx?Pname=8b21927a-5efd-437b-a0ea-7c5dce49ca39.pdf
Oil and Natural Gas Corporation Ltd,2023-08-11T20:46:33.64,500312,163823.59,17382.97,,11.23,11.23,15.93,17382.97,https://www.bseindia.com/stockinfo/AnnPdfOpen.aspx?Pname=d8ac8a0e-671a-413d-b61e-3ded7eeea5b6.pdf
Oil India Ltd,2023-08-08T15:53:12.31,533106,6408.76,1399.49,,13.16,13.16,28.07,1399.49,https://www.bseindia.com/stockinfo/AnnPdfOpen.aspx?Pname=ac309e8b-31b8-491f-9582-b3bed64e56d0.pdf
Olectra Greentech Ltd,2023-08-07T17:19:47.593,532439,21602.14,1807.24,,2.20,2.20,,1807.24,https://www.bseindia.com/stockinfo/AnnPdfOpen.aspx?Pname=fd6bd17d-1ad9-4471-a0c8-b92ac2b9df3c.pdf
PB Fintech Ltd,2023-08-07T19:17:47.107,543390,66558.66,-1190.41,,-0.26,-0.26,,-1190.41,https://www.bseindia.com/stockinfo/AnnPdfOpen.aspx?Pname=70532423-a994-45c9-9819-176fa644bd68.pdf
PG Electroplast Ltd,2023-08-28T21:39:18.053,533581,39186.76,2129.39,,,,,,https://www.bseindia.com/stockinfo/AnnPdfOpen.aspx?Pname=17b2c451-7359-40de-959e-c8295fb036a4.pdf
PI Industries Ltd,2023-08-09T20:03:08.993,523642,19104,3829,,25.24,25.24,,,https://www.bseindia.com/stockinfo/AnnPdfOpen.aspx?Pname=2a3e33c2-4b61-41fb-ac0d-0d3c8af73108.pdf
PNC Infratech Ltd,2023-08-11T15:25:59.457,539150,209169.94,18062.17,,7.04,7.04,,18062.17,https://www.bseindia.com/stockinfo/AnnPdfOpen.aspx?Pname=6385ef5a-8d75-442d-87ea-ba0785827e22.pdf
PTC Industries Ltd,2023-08-12T18:50:48.597,539006,564.49,202.36,,,,,,https://www.bseindia.com/stockinfo/AnnPdfOpen.aspx?Pname=528953f3-a419-416c-9b7b-d37fa05e29ff.pdf
PVR Inox Ltd,2023-08-01T14:19:24.74,532689,13049,-816,,-8.33,-8.33,,,https://www.bseindia.com/stockinfo/AnnPdfOpen.aspx?Pname=09d6ffb6-dba7-4b74-8574-304bbf989e1b.pdf
Page Industries Ltd,2023-08-10T14:19:33.783,532827,124003.23,15835.97,,125.02,125.12,,,https://www.bseindia.com/stockinfo/AnnPdfOpen.aspx?Pname=03b6c8e2-04c4-4278-8bbf-4fb7f84fe6ed.pdf
Patanjali Foods Ltd,2023-08-11T19:39:48.09,500368,776710.09,8775.11,21199,7.30,7.30,2.71,,https://www.bseindia.com/stockinfo/AnnPdfOpen.aspx?Pname=6a414740-dc3b-48da-aea8-775fd841ffa7.pdf
Pfizer Ltd,2023-08-11T20:54:38.46,500680,,,,,,,,https://www.bseindia.com/stockinfo/AnnPdfOpen.aspx?Pname=9272725c-fff2-4c37-a32f-ff5252b41c28.pdf
The Phoenix Mills Ltd,2023-08-08T20:09:59.86,503100,81062.98,29103.97,,13.46,13.45,,29103.97,https://www.bseindia.com/stockinfo/AnnPdfOpen.aspx?Pname=3abfac5b-b9ca-4fae-92fc-6f3293303ed7.pdf
Pidilite Industries Ltd,2023-08-10T13:42:30.9,500331,,,,,,,,https://www.bseindia.com/stockinfo/AnnPdfOpen.aspx?Pname=c8e77f77-a38f-4d8f-b94a-cde3029cb46b.pdf
Piramal Pharma Ltd,2023-08-03T21:10:09.89,543635,1748.85,-98.58,,-0.83,-0.83,1.1,-98.58,https://www.bseindia.com/stockinfo/AnnPdfOpen.aspx?Pname=a46c570f-25d6-473b-b863-b73cd916b160.pdf
Poly Medicure Ltd,2023-08-07T12:19:41.577,531768,32083.00,6269.56,,6.54,6.53,,6269.56,https://www.bseindia.com/stockinfo/AnnPdfOpen.aspx?Pname=a9da687b-d471-4cdb-9be5-ca1b1f275ba4.pdf
Power Finance Corporation Ltd,2023-08-11T16:30:29.363,532810,,,,,,,,https://www.bseindia.com/stockinfo/AnnPdfOpen.aspx?Pname=b7e2dc1d-e85d-452c-9210-31c303b2c6e6.pdf
Prestige Estates Projects Ltd,2023-08-08T18:43:24.67,533274,16809,3178,,6.66,6.66,,3178,https://www.bseindia.com/stockinfo/AnnPdfOpen.aspx?Pname=1958b5f7-8311-4067-922e-9c42eecf9493.pdf
Rhi Magnesita India Ltd,2023-08-10T19:12:54.913,534076,92795.59,4680.72,,2.30,2.30,,4680.72,https://www.bseindia.com/stockinfo/AnnPdfOpen.aspx?Pname=ad180191-976c-4efa-809c-6009f1919e9c.pdf
Radico Khaitan Ltd,2023-08-03T16:06:41.627,532497,402331.49,6826.88,,5.11,5.11,,6826.88,https://www.bseindia.com/stockinfo/AnnPdfOpen.aspx?Pname=3649074b-c922-404d-bf9c-a35142e98b6e.pdf
Rail Vikas Nigam Ltd,2023-08-12T15:27:42.76,542649,5571.57,343.09,,1.65,1.65,,,https://www.bseindia.com/stockinfo/AnnPdfOpen.aspx?Pname=05b49f02-b157-4a3b-a369-a72aae115c6e.pdf
Rainbow Children's Medicare Ltd,2023-08-07T15:48:13.33,543524,2871.65,414.90,,4.04,4.04,,414.90,https://www.bseindia.com/stockinfo/AnnPdfOpen.aspx?Pname=d94ea10c-7f5d-4bd5-aa04-1f2aaeda100d.pdf
Rattanindia Enterprises Ltd,2023-08-09T14:25:22.02,534597,12675.99,1781.31,,1.29,1.29,,1781.31,https://www.bseindia.com/stockinfo/AnnPdfOpen.aspx?Pname=71141444-c5b4-4665-8d74-a1e27f31b92c.pdf
Raymond Ltd,2023-08-11T13:14:49.717,500330,177146,106674,18215,160.01,160.01,11.10,106674,https://www.bseindia.com/stockinfo/AnnPdfOpen.aspx?Pname=ff807b70-d466-4dda-a3c7-2ba1dafb2944.pdf
Reliance Power Ltd,2023-08-09T21:18:27.287,532939,192182,-29631,65700,-0.793,-0.793,,-29631,https://www.bseindia.com/stockinfo/AnnPdfOpen.aspx?Pname=85236474-2985-453f-8bca-c71932c1320d.pdf
SBFC Finance Ltd,2023-08-29T19:21:47.373,543959,,,,,,,,https://www.bseindia.com/stockinfo/AnnPdfOpen.aspx?Pname=96d1a830-1479-4c9d-ae55-d9e36083d9ca.pdf
SJVN Ltd,2023-08-09T14:30:37.123,533206,67479,27175,,0.69,0.69,70.57,,https://www.bseindia.com/stockinfo/AnnPdfOpen.aspx?Pname=57921444-1ec9-4e8a-bf86-1277744b6a59.pdf
SKF India Ltd,2023-08-02T14:29:22.23,500472,11496.0,1544.2,,31.2,31.2,,1544.2,https://www.bseindia.com/stockinfo/AnnPdfOpen.aspx?Pname=bd14a44d-6731-4d80-a055-f542f842db7d.pdf
Sammaan Capital Ltd,2023-08-14T15:52:28.08,535789,1915.62,296.19,,6.56,6.53,,296.19,https://www.bseindia.com/stockinfo/AnnPdfOpen.aspx?Pname=c7ea821b-8d59-4681-b863-a87c7ff170e6.pdf
Samvardhana Motherson International Ltd,2023-08-10T14:17:18.823,517334,22462.18,648.12,1939.86,0.89,0.89,4.7,648.12,https://www.bseindia.com/stockinfo/AnnPdfOpen.aspx?Pname=cf2f353d-c6bf-4306-964b-88c05b51f6a5.pdf
Sapphire Foods India Ltd,2023-08-02T13:40:58.603,543397,6543.84,248.71,,3.92,3.88,,248.71,https://www.bseindia.com/stockinfo/AnnPdfOpen.aspx?Pname=d2d9947a-155d-4ce4-b2eb-66ef55392ec1.pdf
Schneider Electric Infrastructure Ltd,2023-08-09T18:15:37.233,534139,49525,3492,,1.46,1.46,,3492,https://www.bseindia.com/stockinfo/AnnPdfOpen.aspx?Pname=13d3023c-0584-4a99-b56f-d0d3301c4c71.pdf
Shipping Corporation of India Ltd,2023-08-04T20:41:59.417,523598,120011,17161,,3.68,3.68,,17161,https://www.bseindia.com/stockinfo/AnnPdfOpen.aspx?Pname=ba2677bf-ca2c-43ea-b0e9-33cb78252572.pdf
Shree Renuka Sugars Ltd,2023-08-11T17:30:05.837,532670,22840,-1389,1781,-0.65,-0.65,3.50,-1332,https://www.bseindia.com/stockinfo/AnnPdfOpen.aspx?Pname=dc73532e-d37d-46a2-baab-faa9925c3236.pdf
Siemens Ltd,2023-08-08T19:43:02.797,500550,48732,4558,,12.80,12.80,,4558,https://www.bseindia.com/stockinfo/AnnPdfOpen.aspx?Pname=30add785-b025-459a-86f9-1d9c044bccc2.pdf
Sobha Ltd,2023-08-07T16:57:41.563,532784,9079.13,120.54,,1.27,1.27,,120.54,https://www.bseindia.com/stockinfo/AnnPdfOpen.aspx?Pname=7fce95c4-0c06-44d2-8866-60bf31e1459b.pdf
Solar Industries India Ltd,2023-08-03T14:20:35.363,532725,1682.21,201.59,,21.82,21.82,17.18,,https://www.bseindia.com/stockinfo/AnnPdfOpen.aspx?Pname=fd4caa08-a42d-407c-84b3-01601d45b707.pdf
State Bank of India,2023-08-05T10:56:40.94,500112,127941,16694.51,,18.92,18.92,,,https://www.bseindia.com/stockinfo/AnnPdfOpen.aspx?Pname=0f7cf73d-3014-425b-ad58-f88454bd26b0.pdf
Steel Authority of India Ltd,2023-08-10T19:20:22.89,500113,24359.10,212.48,2090,0.51,0.51,8.58,212.48,https://www.bseindia.com/stockinfo/AnnPdfOpen.aspx?Pname=e4b90690-3cc9-4517-9790-a752555aebf3.pdf
Sun Pharmaceutical Industries Ltd,2023-08-03T14:05:19.667,524715,119408.4,20225.4,,8.4,8.4,,20225.4,https://www.bseindia.com/stockinfo/AnnPdfOpen.aspx?Pname=d1000850-5ff1-46da-9b87-4a2e91f9c477.pdf
Sun TV Network Ltd,2023-08-11T16:04:28.533,532733,1349.22,592.08,,15.02,15.02,,592.08,https://www.bseindia.com/stockinfo/AnnPdfOpen.aspx?Pname=f8128922-4748-4a30-81b6-4f444fc63c51.pdf
Sundaram Finance Ltd,2023-08-11T18:17:52.123,590071,,281,,,,,,https://www.bseindia.com/stockinfo/AnnPdfOpen.aspx?Pname=C9EA5299-FDA4-44EB-A66D-5B8C4ADE057F-181747.pdf
Swan Corp Ltd,2023-08-14T20:44:54.643,503310,,,,,,,,https://www.bseindia.com/stockinfo/AnnPdfOpen.aspx?Pname=e197c578-452e-4c99-9a3d-ce2d03babbfc.pdf
Syrma SGS Technology Ltd,2023-08-01T18:47:12.26,543573,6013.06,283.29,,1.61,1.60,,283.29,https://www.bseindia.com/stockinfo/AnnPdfOpen.aspx?Pname=eb137c2e-9f4c-4d4d-a0ef-dfbaed72f140.pdf
Tata Chemicals Ltd,2023-08-07T16:31:15.943,500770,4218,587,,20.88,20.88,,587,https://www.bseindia.com/stockinfo/AnnPdfOpen.aspx?Pname=dfce99be-4f5d-4a46-8b53-13f9a9f56fd7.pdf
Tata Investment Corporation Ltd,2023-08-04T20:30:40.95,501301,,,,,,,,https://www.bseindia.com/stockinfo/AnnPdfOpen.aspx?Pname=91f17960-3820-44d7-baa9-6a3b141242db.pdf
Tata Power Company Ltd,2023-08-09T17:01:44.557,500400,15213.29,1140.97,,3.50,3.04,15,,https://www.bseindia.com/stockinfo/AnnPdfOpen.aspx?Pname=dc779885-6318-4552-a1dc-c0f07165494f.pdf
Techno Electric & Engineering Company Ltd,2023-08-14T17:26:38.57,542141,30518.33,1785.66,,,,,,https://www.bseindia.com/stockinfo/AnnPdfOpen.aspx?Pname=6d839c1c-1ddb-41aa-a114-b3d31c68eca7.pdf
The New India Assurance Company Ltd,2023-08-11T20:06:00.75,540769,933223,26023,,1.58,1.58,,26023,https://www.bseindia.com/stockinfo/AnnPdfOpen.aspx?Pname=5955a5c5-0dad-49bd-8c76-773923ab541c.pdf
The Ramco Cements Ltd,2023-08-07T13:22:42.617,500260,2246.66,74.41,,3.26,3.26,16,74.41,https://www.bseindia.com/stockinfo/AnnPdfOpen.aspx?Pname=b0d4a4db-69c2-4393-8bfa-44382991980c.pdf
Thermax Ltd,2023-08-01T15:39:44.91,500411,1932.96,59.95,,5.23,5.23,,,https://www.bseindia.com/stockinfo/AnnPdfOpen.aspx?Pname=00c10649-104f-4853-b9a4-be30fb23406f.pdf
Timken India Ltd,2023-08-11T21:26:41.28,522113,,,,,,,,https://www.bseindia.com/stockinfo/AnnPdfOpen.aspx?Pname=37f44667-6614-46e3-b3d6-19a4d71c7ed7.pdf
Titan Company Ltd,2023-08-02T16:57:57.477,500114,11070,756,,,,10.0,,https://www.bseindia.com/stockinfo/AnnPdfOpen.aspx?Pname=eab83b3c-8c77-4cee-a707-60cdd6dad1d1.pdf
Torrent Pharmaceuticals Ltd,2023-08-07T16:40:48.653,500420,2591,378,791,11.18,11.18,31.7,378,https://www.bseindia.com/stockinfo/AnnPdfOpen.aspx?Pname=72481cdb-868b-45c8-a3b6-d981cc897fd4.pdf
Torrent Power Ltd,2023-08-10T17:05:42.31,532779,7327.62,532.28,,10.76,10.76,16.17,532.28,https://www.bseindia.com/stockinfo/AnnPdfOpen.aspx?Pname=61447a3a-7a66-4913-964d-0490fe978594.pdf
Transformers and Rectifiers (India) Ltd,2023-08-10T20:09:25.813,532928,,,,,,,,https://www.bseindia.com/stockinfo/AnnPdfOpen.aspx?Pname=0985d702-ee54-4edb-b24a-5b9295f2362b.pdf
Trent Ltd,2023-08-09T14:22:16.55,500251,2628.37,166.67,,4.88,4.88,7.32,173.48,https://www.bseindia.com/stockinfo/AnnPdfOpen.aspx?Pname=45cb4aa8-b407-4b9d-9c68-77376c17c0f2.pdf
Triveni Turbine Ltd,2023-08-01T14:32:57.693,533655,37642,6096,,1.91,1.91,,6096,https://www.bseindia.com/stockinfo/AnnPdfOpen.aspx?Pname=f4f85024-6739-449e-9f4f-8f8eef0076b5.pdf
Tube Investments of India Ltd,2023-08-03T13:55:49.28,540762,3897.66,283.59,,10.92,10.90,,283.59,https://www.bseindia.com/stockinfo/AnnPdfOpen.aspx?Pname=34a6ea7b-8059-4b05-8f43-19845eab97b8.pdf
UNO Minda Ltd-$,2023-08-09T12:42:20.26,532539,3092.66,180.17,,3.01,3.00,,180.17,https://www.bseindia.com/stockinfo/AnnPdfOpen.aspx?Pname=fadebe82-aa99-42f1-95f0-a42c502afea8.pdf
Usha Martin Ltd,2023-08-05T14:28:15.17,517146,81438,10076,,3.31,3.31,,10076,https://www.bseindia.com/stockinfo/AnnPdfOpen.aspx?Pname=91690ded-eb34-4ec8-bcd1-6ccc178a3edb.pdf
V-Guard Industries Ltd,2023-08-09T14:01:16.25,532953,1214.76,64.22,,1.48,1.47,,64.22,https://www.bseindia.com/stockinfo/AnnPdfOpen.aspx?Pname=b2ef8658-66ef-461d-9b68-1161e04ad196.pdf
Valor Estate Ltd,2023-08-11T20:08:41.777,533160,243.25,-2591.29,,-0.64,-0.64,,,https://www.bseindia.com/stockinfo/AnnPdfOpen.aspx?Pname=257789f9-a0ec-4f71-8dc4-10834e781c5b.pdf
Vardhman Textiles Ltd,2023-08-04T13:38:21.977,502986,2318.30,136.60,,4.80,4.80,13.16,,https://www.bseindia.com/stockinfo/AnnPdfOpen.aspx?Pname=b135d63c-9f8b-4cf3-bf4b-84cc1b347e63.pdf
Varun Beverages Ltd,2023-08-03T11:45:35.603,540180,56997.34,10054.22,,7.65,7.65,,10054.22,https://www.bseindia.com/stockinfo/AnnPdfOpen.aspx?Pname=6f1b61b5-b551-4876-9575-88b9a8849bd1.pdf
Vijaya Diagnostic Centre Ltd,2023-08-09T14:23:50.173,543350,12104.96,2638.46,,2.57,2.56,,2638.46,https://www.bseindia.com/stockinfo/AnnPdfOpen.aspx?Pname=45793d55-4dce-47ae-be88-4e6e8068a13b.pdf
Vodafone Idea Ltd,2023-08-14T19:48:19.613,532822,106555,-78400,41570,,,39.0,,https://www.bseindia.com/stockinfo/AnnPdfOpen.aspx?Pname=463481f5-5865-4c48-80be-af82711f1a6c.pdf
Voltas Ltd,2023-08-11T18:15:53.543,500575,3359.86,129.29,,3.91,3.91,,129.29,https://www.bseindia.com/stockinfo/AnnPdfOpen.aspx?Pname=b2107b59-10ec-4fb8-8d67-04d069d40c8b.pdf
Welspun Corp Ltd,2023-08-04T14:37:32.58,532144,4069.27,168.45,,6.32,6.30,9.83,,https://www.bseindia.com/stockinfo/AnnPdfOpen.aspx?Pname=23a10a1f-7c19-4dbc-a8a1-39e5379208b0.pdf
Whirlpool of India Ltd,2023-08-07T14:40:44.4,500238,203859,7672,,5.90,5.90,,7672,https://www.bseindia.com/stockinfo/AnnPdfOpen.aspx?Pname=e4cb26a3-5bf7-49ad-8a93-32c25c1a8b48.pdf
Wockhardt Ltd,2023-08-14T14:25:56.26,532300,644,136,,9.28,9.28,,136,https://www.bseindia.com/stockinfo/AnnPdfOpen.aspx?Pname=de970dc9-ad87-44ca-91de-abd1a6667984.pdf
Zee Entertainment Enterprises Ltd,2023-08-09T17:36:04.493,505537,19838,-534,1549,,,7.8,,https://www.bseindia.com/stockinfo/AnnPdfOpen.aspx?Pname=4662f8f8-4c10-4d49-9bd6-a59ce64dcd50.pdf
ZEN Technologies Ltd,2023-08-05T18:10:02.82,533339,13244.74,4843.87,,5.81,5.65,,4843.87,https://www.bseindia.com/stockinfo/AnnPdfOpen.aspx?Pname=0e18d341-d168-4f48-95d9-661c0449a6f5.pdf
Zydus Lifesciences Ltd,2023-08-11T12:31:39.703,532321,51396,10869,,10.74,10.74,,10869,https://www.bseindia.com/stockinfo/AnnPdfOpen.aspx?Pname=15488ad8-b534-4a39-911d-12c8adf14de1.pdf
eClerx Services Ltd,2023-08-09T18:23:01.387,532927,6844.77,1066.59,,22.12,21.82,,1066.59,https://www.bseindia.com/stockinfo/AnnPdfOpen.aspx?Pname=707ae0be-9f87-4103-91dc-95e53afe5494.pdf
